Ospedale1,Ospedale2,Lat1,Long1,Lat2,Long2,Similarity,Distanza
AUXOLOGICO CAPITANIO DI MILANO,AUXOLOGICO ARIOSTO DI MILANO,45.4553421,9.1905558,45.5404081,9.2360179,1.0,10.11
ICS MAUGERI LISSONE,ICS MAUGERI PAVIA,45.6201773,9.2383956,45.1893999,9.1503398,0.97,48.45
IRCCS MAUGERI CASTEL GOFFREDO,ICS MAUGERI LISSONE,45.3013083,10.4785441,45.6201773,9.2383956,0.941,103.13
IRCCS MAUGERI MONTESCANO,IRCCS MAUGERI CASTEL GOFFREDO,45.0325518,9.2818479,45.3013083,10.4785441,0.941,98.57
IRCCS MAUGERI MONTESCANO,IRCCS MAUGERI MILANO,45.0325518,9.2818479,45.4366643,9.2643822,0.941,45.01
IRCCS MAUGERI MONTESCANO,ICS MAUGERI LISSONE,45.0325518,9.2818479,45.6201773,9.2383956,0.939,65.5
IRCCS MAUGERI MILANO,IRCCS MAUGERI TRADATE,45.4366643,9.2643822,45.7181672,8.9100975,0.917,41.76
IRCCS MAUGERI CASTEL GOFFREDO,ICS MAUGERI PAVIA,45.3013083,10.4785441,45.1893999,9.1503398,0.914,104.84
IRCCS MAUGERI MONTESCANO,IRCCS MAUGERI TRADATE,45.0325518,9.2818479,45.7181672,8.9100975,0.914,81.67
IRCCS MAUGERI MONTESCANO,ICS MAUGERI PAVIA,45.0325518,9.2818479,45.1893999,9.1503398,0.912,20.29
IRCCS MAUGERI CASTEL GOFFREDO,IRCCS MAUGERI MILANO,45.3013083,10.4785441,45.4366643,9.2643822,0.889,96.14
ICS MAUGERI LISSONE,IRCCS MAUGERI MILANO,45.6201773,9.2383956,45.4366643,9.2643822,0.886,20.53
IRCCS MAUGERI CASTEL GOFFREDO,IRCCS MAUGERI TRADATE,45.3013083,10.4785441,45.7181672,8.9100975,0.865,130.86
AUXOLOGICO ARIOSTO DI MILANO,AUXOLOGICO SAN LUCA DI MILANO,45.5404081,9.2360179,45.4720181,9.1450895,0.863,10.41
AUXOLOGICO CAPITANIO DI MILANO,AUXOLOGICO SAN LUCA DI MILANO,45.4553421,9.1905558,45.4720181,9.1450895,0.863,4.01
IRCCS MAUGERI MILANO,ICS MAUGERI PAVIA,45.4366643,9.2643822,45.1893999,9.1503398,0.861,28.94
ICS MAUGERI LISSONE,IRCCS MAUGERI TRADATE,45.6201773,9.2383956,45.7181672,8.9100975,0.861,27.77
OSPEDALE DI DESENZANO DEL GARDA,OSPEDALE BOLOGNINI DI SERIATE,45.4702891,10.5205607,45.6832356,9.7181097,0.844,66.87
ICS MAUGERI PAVIA,IRCCS MAUGERI TRADATE,45.1893999,9.1503398,45.7181672,8.9100975,0.838,61.78
OSPEDALE DI CREMONA,OSPEDALE DI CIRCOLO E FONDAZIONE MACCHI DI VARESE,45.1316646,10.0521668,45.8078076,8.8375231,0.825,121.06
OSPEDALE CIVILE DI VOGHERA,OSPEDALE DI GALLARATE,44.9947405,9.0145707,45.6566835,8.7919663,0.824,75.72
OSPEDALE PAPA GIOVANNI XXIII DI BERGAMO,OSPEDALE POLICLINICO SAN MATTEO DI PAVIA,45.6868302,9.6393079,45.1961345,9.1489552,0.821,66.71
OSPEDALE CIVILE DI VIGEVANO,OSPEDALE CIVILE DI VOGHERA,45.3223336,8.8702814,44.9947405,9.0145707,0.818,38.19
OSPEDALE PAPA GIOVANNI XXIII DI BERGAMO,OSPEDALE DI CIRCOLO E FONDAZIONE MACCHI DI VARESE,45.6868302,9.6393079,45.8078076,8.8375231,0.815,63.72
OSPEDALE DI VIMERCATE,OSPEDALE CIVILE DI VOGHERA,45.6084744,9.3557814,44.9947405,9.0145707,0.811,73.36
OSPEDALE DI VIMERCATE,OSPEDALE MAGGIORE DI LODI,45.6084744,9.3557814,45.2746433,9.4425074,0.805,37.77
OSPEDALE TREVIGLIO - CARAVAGGIO,OSPEDALE DI SONDRIO,45.509974,9.6113788,46.1786137,9.9537668,0.8,79.03
IRCCS MULTIMEDICA,OSPEDALE SAN GIUSEPPE MULTIMEDICA,45.5366578,9.2184097,45.4631277,9.1714179,0.796,8.97
OSPEDALE DI VIMERCATE,OSPEDALE TREVIGLIO - CARAVAGGIO,45.6084744,9.3557814,45.509974,9.6113788,0.795,22.74
OSPEDALE MAGGIORE DI CREMA,OSPEDALE MAGGIORE DI LODI,45.3545923,9.6810901,45.2746433,9.4425074,0.795,20.69
OSPEDALE DI GALLARATE,OSPEDALE G. FORNAROLI DI MAGENTA,45.6566835,8.7919663,45.4711284,8.8936029,0.794,22.12
AZIENDA OSPEDALIERA MELLINO MELLINI DI CHIARI,OSPEDALE DI GALLARATE,45.5380481,9.9342567,45.6566835,8.7919663,0.794,89.95
OSPEDALE CIVILE DI VOGHERA,OSPEDALE G. FORNAROLI DI MAGENTA,44.9947405,9.0145707,45.4711284,8.8936029,0.794,53.87
IRCCS MAUGERI CASTEL GOFFREDO,IRCCS MAUGERI LUMEZZANE,45.3013083,10.4785441,45.6513888,10.2549352,0.794,42.7
OSPEDALE DI VIZZOLO PREDABISSI,OSPEDALE MAGGIORE DI CREMA,45.3582982,9.3407637,45.3545923,9.6810901,0.794,26.62
HUMANITAS GAVAZZENI DI BERGAMO,HUMANITAS RESEARCH HOSPITAL DI ROZZANO,45.6888633,9.6787228,45.3724816,9.1676657,0.789,53.19
OSPEDALE G. FORNAROLI DI MAGENTA,OSPEDALE MAGGIORE DI LODI,45.4711284,8.8936029,45.2746433,9.4425074,0.789,48.18
ICS MAUGERI LISSONE,IRCCS MAUGERI LUMEZZANE,45.6201773,9.2383956,45.6513888,10.2549352,0.788,79.2
IRCCS MAUGERI MONTESCANO,IRCCS MAUGERI LUMEZZANE,45.0325518,9.2818479,45.6513888,10.2549352,0.788,102.68
PRESIDIO OSPEDALIERO SPEDALI CIVILI DI BRESCIA,OSPEDALE DI CIRCOLO E FONDAZIONE MACCHI DI VARESE,45.5592015,10.2304347,45.8078076,8.8375231,0.787,111.8
FONDAZIONE IRCCS SAN GERARDO DEI TINTORI DI MONZA - ATS BRIANZA,OSPEDALE NIGUARDA DI MILANO,45.602275,9.2604939,45.5106614,9.1880256,0.785,11.66
OSPEDALE SANT'ANNA DI SAN FERMO DELLA BATTAGLIA,PRESIDIO OSPEDALIERO ALESSANDRO MANZONI DI LECCO,45.802113,9.0396312,45.8523467,9.4133667,0.78,29.53
OSPEDALE CIVILE DI VOGHERA,PRESIDIO OSPEDALIERO DI GARBAGNATE MILANESE,44.9947405,9.0145707,45.5831666,9.094637,0.778,65.8
OSPEDALE CARLO POMA DI MANTOVA,FONDAZIONE IRCCS SAN GERARDO DEI TINTORI DI MONZA - ATS BRIANZA,45.1443094,10.7738404,45.602275,9.2604939,0.776,128.86
OSPEDALE CARLO POMA DI MANTOVA,OSPEDALE DI CIRCOLO E FONDAZIONE MACCHI DI VARESE,45.1443094,10.7738404,45.8078076,8.8375231,0.776,168.22
FONDAZIONE IRCCS SAN GERARDO DEI TINTORI DI MONZA - ATS BRIANZA,OSPEDALE DI CIRCOLO E FONDAZIONE MACCHI DI VARESE,45.602275,9.2604939,45.8078076,8.8375231,0.774,40.06
OSPEDALE SAN GIUSEPPE MULTIMEDICA,HUMANITAS GAVAZZENI DI BERGAMO,45.4631277,9.1714179,45.6888633,9.6787228,0.774,46.84
OSPEDALE SANT'ANNA DI SAN FERMO DELLA BATTAGLIA,OSPEDALE CARLO POMA DI MANTOVA,45.802113,9.0396312,45.1443094,10.7738404,0.774,153.91
IRCCS MAUGERI MILANO,IRCCS MAUGERI PAVIA,45.4366643,9.2643822,45.204193,9.1396246,0.773,27.66
OSPEDALE NIGUARDA DI MILANO,OSPEDALE PAPA GIOVANNI XXIII DI BERGAMO,45.5106614,9.1880256,45.6868302,9.6393079,0.771,40.25
OSPEDALE G. FORNAROLI DI MAGENTA,OSPEDALE MAGGIORE DI CREMA,45.4711284,8.8936029,45.3545923,9.6810901,0.771,62.89
OSPEDALE DI GALLARATE,OSPEDALE PIO XI DI DESIO,45.6566835,8.7919663,45.6264851,9.1961165,0.771,31.63
OSPEDALE CIVILE DI VOGHERA,OSPEDALE PIO XI DI DESIO,44.9947405,9.0145707,45.6264851,9.1961165,0.771,71.75
OSPEDALE DI GALLARATE,OSPEDALE DI SONDRIO,45.6566835,8.7919663,46.1786137,9.9537668,0.769,107.1
OSPEDALE DI VIMERCATE,PRESIDIO OSPEDALIERO DI GARBAGNATE MILANESE,45.6084744,9.3557814,45.5831666,9.094637,0.769,20.54
AUXOLOGICO ARIOSTO DI MILANO,HUMANITAS GAVAZZENI DI BERGAMO,45.5404081,9.2360179,45.6888633,9.6787228,0.769,38.23
AUXOLOGICO CAPITANIO DI MILANO,HUMANITAS GAVAZZENI DI BERGAMO,45.4553421,9.1905558,45.6888633,9.6787228,0.769,46.07
OSPEDALE MAGGIORE DI LODI,OSPEDALE DI SONDRIO,45.2746433,9.4425074,46.1786137,9.9537668,0.767,108.19
ICS MAUGERI PAVIA,IRCCS MAUGERI LUMEZZANE,45.1893999,9.1503398,45.6513888,10.2549352,0.765,100.47
OSPEDALE DI DESENZANO DEL GARDA,OSPEDALE PIO XI DI DESIO,45.4702891,10.5205607,45.6264851,9.1961165,0.765,104.7
OSPEDALE DI VIZZOLO PREDABISSI,OSPEDALE CIVILE DI VOGHERA,45.3582982,9.3407637,44.9947405,9.0145707,0.765,47.89
OSPEDALE SANT'ANNA DI SAN FERMO DELLA BATTAGLIA,OSPEDALE SAN PAOLO DI MILANO,45.802113,9.0396312,45.434388,9.1598345,0.765,41.99
HUMANITAS GAVAZZENI DI BERGAMO,AUXOLOGICO SAN LUCA DI MILANO,45.6888633,9.6787228,45.4720181,9.1450895,0.764,48.08
OSPEDALE DI SARONNO,OSPEDALE TREVIGLIO - CARAVAGGIO,45.6301331,9.0398188,45.509974,9.6113788,0.763,46.51
OSPEDALE DI VIMERCATE,OSPEDALE DI SONDRIO,45.6084744,9.3557814,46.1786137,9.9537668,0.762,78.58
FONDAZIONE IRCCS SAN GERARDO DEI TINTORI DI MONZA - ATS BRIANZA,OSPEDALE PAPA GIOVANNI XXIII DI BERGAMO,45.602275,9.2604939,45.6868302,9.6393079,0.761,30.95
OSPEDALE CARLO POMA DI MANTOVA,PRESIDIO OSPEDALIERO SPEDALI CIVILI DI BRESCIA,45.1443094,10.7738404,45.5592015,10.2304347,0.759,62.77
OSPEDALE SAN GIUSEPPE MULTIMEDICA,OSPEDALE CARLO POMA DI MANTOVA,45.4631277,9.1714179,45.1443094,10.7738404,0.759,130.38
OSPEDALE DI GALLARATE,OSPEDALE TREVIGLIO - CARAVAGGIO,45.6566835,8.7919663,45.509974,9.6113788,0.757,65.9
OSPEDALE CIVILE DI VOGHERA,OSPEDALE TREVIGLIO - CARAVAGGIO,44.9947405,9.0145707,45.509974,9.6113788,0.757,74.01
OSPEDALE DI VIZZOLO PREDABISSI,OSPEDALE DI VIMERCATE,45.3582982,9.3407637,45.6084744,9.3557814,0.757,27.87
IRCCS MAUGERI TRADATE,IRCCS MAUGERI PAVIA,45.7181672,8.9100975,45.204193,9.1396246,0.756,59.96
OSPEDALE DI VIMERCATE,OSPEDALE LUIGI SACCO DI MILANO,45.6084744,9.3557814,45.5201635,9.1235461,0.756,20.6
AUXOLOGICO MOSÈ BIANCHI DI MILANO,AUXOLOGICO CAPITANIO DI MILANO,45.4750186,9.1460516,45.4553421,9.1905558,0.756,4.11
AUXOLOGICO MOSÈ BIANCHI DI MILANO,AUXOLOGICO ARIOSTO DI MILANO,45.4750186,9.1460516,45.5404081,9.2360179,0.756,10.11
OSPEDALE CARLO POMA DI MANTOVA,OSPEDALE DI SONDRIO,45.1443094,10.7738404,46.1786137,9.9537668,0.755,131.63
OSPEDALE SANT'ANNA DI SAN FERMO DELLA BATTAGLIA,PRESIDIO OSPEDALIERO SPEDALI CIVILI DI BRESCIA,45.802113,9.0396312,45.5592015,10.2304347,0.754,96.48
OSPEDALE CARLO POMA DI MANTOVA,PRESIDIO OSPEDALIERO ALESSANDRO MANZONI DI LECCO,45.1443094,10.7738404,45.8523467,9.4133667,0.75,132.21
OSPEDALE LUINI CONFALONIERI DI LUINO,OSPEDALE DI EDOLO,45.9958582,8.7457533,46.1787559,10.3311868,0.75,124.09
HUMANITAS GAVAZZENI DI BERGAMO,IRCCS MAUGERI PAVIA,45.6888633,9.6787228,45.204193,9.1396246,0.75,68.44
OSPEDALE MAGGIORE DI CREMA,OSPEDALE PIO XI DI DESIO,45.3545923,9.6810901,45.6264851,9.1961165,0.75,48.46
OSPEDALE DI VIZZOLO PREDABISSI,OSPEDALE TREVIGLIO - CARAVAGGIO,45.3582982,9.3407637,45.509974,9.6113788,0.75,27.05
ICS MAUGERI PAVIA,IRCCS MAUGERI PAVIA,45.1893999,9.1503398,45.204193,9.1396246,0.75,1.85
OSPEDALE DI GALLARATE,OSPEDALE MAGGIORE DI CREMA,45.6566835,8.7919663,45.3545923,9.6810901,0.75,77.09
OSPEDALE DI MANERBIO,OSPEDALE DI DESENZANO DEL GARDA,45.3570323,10.1465113,45.4702891,10.5205607,0.75,31.83
OSPEDALE DI CREMONA,PRESIDIO OSPEDALIERO SPEDALI CIVILI DI BRESCIA,45.1316646,10.0521668,45.5592015,10.2304347,0.746,49.59
OSPEDALE MAGGIORE DI LODI,OSPEDALE SAN PAOLO DI MILANO,45.2746433,9.4425074,45.434388,9.1598345,0.745,28.38
OSPEDALE G. FORNAROLI DI MAGENTA,OSPEDALE DI SONDRIO,45.4711284,8.8936029,46.1786137,9.9537668,0.744,113.87
OSPEDALE DI VIMERCATE,OSPEDALE MAGGIORE DI CREMA,45.6084744,9.3557814,45.3545923,9.6810901,0.744,37.99
IRCCS MAUGERI MILANO,IRCCS MAUGERI LUMEZZANE,45.4366643,9.2643822,45.6513888,10.2549352,0.743,80.84
OSPEDALE CIVILE DI VIGEVANO,OSPEDALE MAGGIORE DI CREMA,45.3223336,8.8702814,45.3545923,9.6810901,0.743,63.55
OSPEDALE G. FORNAROLI DI MAGENTA,OSPEDALE PIO XI DI DESIO,45.4711284,8.8936029,45.6264851,9.1961165,0.743,29.24
OSPEDALE DI GALLARATE,OSPEDALE BOLOGNINI DI SERIATE,45.6566835,8.7919663,45.6832356,9.7181097,0.743,72.1
OSPEDALE CIVILE DI VOGHERA,AZIENDA OSPEDALIERA MELLINO MELLINI DI CHIARI,44.9947405,9.0145707,45.5380481,9.9342567,0.743,94.07
OSPEDALE CIVILE DI VOGHERA,OSPEDALE BOLOGNINI DI SERIATE,44.9947405,9.0145707,45.6832356,9.7181097,0.743,94.36
OSPEDALE SANT'ANNA DI SAN FERMO DELLA BATTAGLIA,FONDAZIONE IRCCS SAN GERARDO DEI TINTORI DI MONZA - ATS BRIANZA,45.802113,9.0396312,45.602275,9.2604939,0.741,28.1
OSPEDALE SANT'ANNA DI SAN FERMO DELLA BATTAGLIA,OSPEDALE DI CIRCOLO E FONDAZIONE MACCHI DI VARESE,45.802113,9.0396312,45.8078076,8.8375231,0.741,15.7
AUXOLOGICO ARIOSTO DI MILANO,IRCCS MAUGERI TRADATE,45.5404081,9.2360179,45.7181672,8.9100975,0.739,32.18
AUXOLOGICO CAPITANIO DI MILANO,IRCCS MAUGERI TRADATE,45.4553421,9.1905558,45.7181672,8.9100975,0.739,36.52
OSPEDALE DI VIMERCATE,OSPEDALE G. FORNAROLI DI MAGENTA,45.6084744,9.3557814,45.4711284,8.8936029,0.737,39.15
OSPEDALE DI VIMERCATE,OSPEDALE BOLOGNINI DI SERIATE,45.6084744,9.3557814,45.6832356,9.7181097,0.737,29.4
OSPEDALE SAN PAOLO DI MILANO,FONDAZIONE IRCCS SAN GERARDO DEI TINTORI DI MONZA - ATS BRIANZA,45.434388,9.1598345,45.602275,9.2604939,0.737,20.27
OSPEDALE CARLO POMA DI MANTOVA,OSPEDALE SAN PAOLO DI MILANO,45.1443094,10.7738404,45.434388,9.1598345,0.736,130.46
OSPEDALE DI VIZZOLO PREDABISSI,OSPEDALE G. FORNAROLI DI MAGENTA,45.3582982,9.3407637,45.4711284,8.8936029,0.735,37.13
IRCCS MAUGERI CASTEL GOFFREDO,IRCCS MAUGERI PAVIA,45.3013083,10.4785441,45.204193,9.1396246,0.733,105.48
OSPEDALE CIVILE DI ISEO,AZIENDA OSPEDALIERA MELLINO MELLINI DI CHIARI,45.6632271,10.0521706,45.5380481,9.9342567,0.733,16.69
OSPEDALE DI CREMONA,OSPEDALE CARLO POMA DI MANTOVA,45.1316646,10.0521668,45.1443094,10.7738404,0.732,56.69
OSPEDALE NIGUARDA DI MILANO,OSPEDALE DI CIRCOLO E FONDAZIONE MACCHI DI VARESE,45.5106614,9.1880256,45.8078076,8.8375231,0.731,42.87
OSPEDALE CIVILE DI ISEO,OSPEDALE PESENTI FENAROLI DI ALZANO LOMBARDO,45.6632271,10.0521706,45.7312984,9.7258139,0.731,26.48
OSPEDALE DI MANERBIO,OSPEDALE BOLOGNINI DI SERIATE,45.3570323,10.1465113,45.6832356,9.7181097,0.73,49.35
PRESIDIO OSPEDALIERO SPEDALI CIVILI DI BRESCIA,FONDAZIONE IRCCS SAN GERARDO DEI TINTORI DI MONZA - ATS BRIANZA,45.5592015,10.2304347,45.602275,9.2604939,0.73,75.72
OSPEDALE SAN GIUSEPPE MULTIMEDICA,HUMANITAS RESEARCH HOSPITAL DI ROZZANO,45.4631277,9.1714179,45.3724816,9.1676657,0.729,10.09
ICS MAUGERI LISSONE,IRCCS MAUGERI PAVIA,45.6201773,9.2383956,45.204193,9.1396246,0.727,46.95
IRCCS MAUGERI MONTESCANO,IRCCS MAUGERI PAVIA,45.0325518,9.2818479,45.204193,9.1396246,0.727,22.13
OSPEDALE SANT'ANNA DI SAN FERMO DELLA BATTAGLIA,OSPEDALE DI CREMONA,45.802113,9.0396312,45.1316646,10.0521668,0.727,108.71
IRCCS MULTIMEDICA,IRCCS OSPEDALE SAN RAFFAELE DI MILANO - GRUPPO SAN DONATO,45.5366578,9.2184097,45.5055742,9.2648041,0.727,5.01
OSPEDALE DI CIRCOLO E FONDAZIONE MACCHI DI VARESE,OSPEDALE POLICLINICO SAN MATTEO DI PAVIA,45.8078076,8.8375231,45.1961345,9.1489552,0.727,72.3
FONDAZIONE IRCCS SAN GERARDO DEI TINTORI DI MONZA - ATS BRIANZA,OSPEDALE POLICLINICO SAN MATTEO DI PAVIA,45.602275,9.2604939,45.1961345,9.1489552,0.727,46.04
IEO - ISTITUTO EUROPEO DI ONCOLOGIA DI MILANO,ISTITUTO NAZIONALE DEI TUMORI,45.4144217,9.2066069,45.474386,9.2321797,0.727,6.97
HUMANITAS GAVAZZENI DI BERGAMO,OSPEDALE CARLO POMA DI MANTOVA,45.6888633,9.6787228,45.1443094,10.7738404,0.727,104.87
PRESIDIO OSPEDALIERO SAN LEOPOLDO MANDIC DI MERATE,OSPEDALE MAGGIORE DI LODI,45.6981085,9.4272938,45.2746433,9.4425074,0.725,47.15
PRESIDIO OSPEDALIERO SAN LEOPOLDO MANDIC DI MERATE,OSPEDALE DI SONDRIO,45.6981085,9.4272938,46.1786137,9.9537668,0.725,67.25
OSPEDALE DI GALLARATE,OSPEDALE MAGGIORE DI LODI,45.6566835,8.7919663,45.2746433,9.4425074,0.725,66.24
OSPEDALE DI SARONNO,OSPEDALE DI VIMERCATE,45.6301331,9.0398188,45.6084744,9.3557814,0.725,24.72
OSPEDALE DI SARONNO,OSPEDALE DI CIRCOLO DI BUSTO ARSIZIO,45.6301331,9.0398188,45.623062,8.8474527,0.725,15.0
OSPEDALE DI CREMONA,OSPEDALE PAPA GIOVANNI XXIII DI BERGAMO,45.1316646,10.0521668,45.6868302,9.6393079,0.723,69.72
OSPEDALE DI CREMONA,OSPEDALE SAN PAOLO DI MILANO,45.1316646,10.0521668,45.434388,9.1598345,0.722,77.59
IRCCS MAUGERI TRADATE,IRCCS MAUGERI LUMEZZANE,45.7181672,8.9100975,45.6513888,10.2549352,0.722,104.85
OSPEDALE CIVILE DI VIGEVANO,PRESIDIO OSPEDALIERO DI GARBAGNATE MILANESE,45.3223336,8.8702814,45.5831666,9.094637,0.722,33.91
OSPEDALE DI VIZZOLO PREDABISSI,OSPEDALE DI SARONNO,45.3582982,9.3407637,45.6301331,9.0398188,0.722,38.3
OSPEDALE DI VIZZOLO PREDABISSI,PRESIDIO OSPEDALIERO DI GARBAGNATE MILANESE,45.3582982,9.3407637,45.5831666,9.094637,0.722,31.56
OSPEDALE MORIGGIA PELASCINI DI GRAVEDONA - GRUPPO ITALCLINICHE,OSPEDALE BASSINI DI CINISELLO BALSAMO,46.1422206,9.2991224,45.5465428,9.2143294,0.722,66.64
AZIENDA OSPEDALIERA MELLINO MELLINI DI CHIARI,OSPEDALE MAGGIORE DI CREMA,45.5380481,9.9342567,45.3545923,9.6810901,0.722,28.43
OSPEDALE SANT'ANNA DI SAN FERMO DELLA BATTAGLIA,OSPEDALE POLICLINICO SAN MATTEO DI PAVIA,45.802113,9.0396312,45.1961345,9.1489552,0.721,67.99
IRCCS MULTIMEDICA,FONDAZIONE IRCCS SAN GERARDO DEI TINTORI DI MONZA - ATS BRIANZA,45.5366578,9.2184097,45.602275,9.2604939,0.721,8.01
PRESIDIO OSPEDALIERO SPEDALI CIVILI DI BRESCIA,OSPEDALE PAPA GIOVANNI XXIII DI BERGAMO,45.5592015,10.2304347,45.6868302,9.6393079,0.721,48.16
AUXOLOGICO SAN LUCA DI MILANO,HUMANITAS RESEARCH HOSPITAL DI ROZZANO,45.4720181,9.1450895,45.3724816,9.1676657,0.721,11.22
FONDAZIONE IRCCS SAN GERARDO DEI TINTORI DI MONZA - ATS BRIANZA,HUMANITAS RESEARCH HOSPITAL DI ROZZANO,45.602275,9.2604939,45.3724816,9.1676657,0.719,26.59
AUXOLOGICO SAN LUCA DI MILANO,OSPEDALE CARLO POMA DI MANTOVA,45.4720181,9.1450895,45.1443094,10.7738404,0.719,132.63
OSPEDALE DI DESENZANO DEL GARDA,OSPEDALE CIVILE LA MEMORIA DI GAVARDO,45.4702891,10.5205607,45.5929679,10.4417413,0.719,14.98
PRESIDIO OSPEDALIERO DI GARBAGNATE MILANESE,OSPEDALE TREVIGLIO - CARAVAGGIO,45.5831666,9.094637,45.509974,9.6113788,0.718,41.1
OSPEDALE DI VIZZOLO PREDABISSI,OSPEDALE MAGGIORE DI LODI,45.3582982,9.3407637,45.2746433,9.4425074,0.718,12.25
OSPEDALE DI VIZZOLO PREDABISSI,OSPEDALE DI SONDRIO,45.3582982,9.3407637,46.1786137,9.9537668,0.718,102.98
OSPEDALE SAN GIUSEPPE MULTIMEDICA,IRCCS MAUGERI PAVIA,45.4631277,9.1714179,45.204193,9.1396246,0.717,28.93
AZIENDA OSPEDALIERA MELLINO MELLINI DI CHIARI,OSPEDALE MORIGGIA PELASCINI DI GRAVEDONA - GRUPPO ITALCLINICHE,45.5380481,9.9342567,46.1422206,9.2991224,0.714,83.36
OSPEDALE DI VIZZOLO PREDABISSI,OSPEDALE DI GALLARATE,45.3582982,9.3407637,45.6566835,8.7919663,0.714,54.19
OSPEDALE SANT'ANNA DI SAN FERMO DELLA BATTAGLIA,OSPEDALE MAGGIORE DI LODI,45.802113,9.0396312,45.2746433,9.4425074,0.714,66.59
OSPEDALE CIVILE DI VIGEVANO,OSPEDALE DI GALLARATE,45.3223336,8.8702814,45.6566835,8.7919663,0.714,37.72
OSPEDALE CIVILE DI VIGEVANO,OSPEDALE PIO XI DI DESIO,45.3223336,8.8702814,45.6264851,9.1961165,0.714,42.35
OSPEDALE NIGUARDA DI MILANO,OSPEDALE POLICLINICO SAN MATTEO DI PAVIA,45.5106614,9.1880256,45.1961345,9.1489552,0.714,35.15
OSPEDALE MAGGIORE DI LODI,OSPEDALE TREVIGLIO - CARAVAGGIO,45.2746433,9.4425074,45.509974,9.6113788,0.714,29.34
OSPEDALE G. FORNAROLI DI MAGENTA,OSPEDALE BOLOGNINI DI SERIATE,45.4711284,8.8936029,45.6832356,9.7181097,0.714,68.45
IRCCS OSPEDALE SAN RAFFAELE DI MILANO - GRUPPO SAN DONATO,OSPEDALE NIGUARDA DI MILANO,45.5055742,9.2648041,45.5106614,9.1880256,0.712,6.02
PRESIDIO OSPEDALIERO SPEDALI CIVILI DI BRESCIA,OSPEDALE POLICLINICO SAN MATTEO DI PAVIA,45.5592015,10.2304347,45.1961345,9.1489552,0.712,93.73
AUXOLOGICO ARIOSTO DI MILANO,IRCCS MAUGERI PAVIA,45.5404081,9.2360179,45.204193,9.1396246,0.712,38.18
OSPEDALE SANT'ANNA DI SAN FERMO DELLA BATTAGLIA,HUMANITAS RESEARCH HOSPITAL DI ROZZANO,45.802113,9.0396312,45.3724816,9.1676657,0.712,48.86
AUXOLOGICO CAPITANIO DI MILANO,IRCCS MAUGERI PAVIA,45.4553421,9.1905558,45.204193,9.1396246,0.712,28.24
OSPEDALE CIVILE DI VIGEVANO,OSPEDALE DI VIMERCATE,45.3223336,8.8702814,45.6084744,9.3557814,0.711,49.51
OSPEDALE DI MANERBIO,OSPEDALE DI GALLARATE,45.3570323,10.1465113,45.6566835,8.7919663,0.711,110.81
OSPEDALE DI MANERBIO,OSPEDALE PIO XI DI DESIO,45.3570323,10.1465113,45.6264851,9.1961165,0.711,80.0
AZIENDA OSPEDALIERA MELLINO MELLINI DI CHIARI,OSPEDALE VALDUCE DI COMO,45.5380481,9.9342567,45.6739219,9.1694997,0.711,61.45
IRCCS MAUGERI CASTEL GOFFREDO,G.B. MANGIONI HOSPITAL DI LECCO - GVM CARE & RESEARCH,45.3013083,10.4785441,45.6768906,9.4438072,0.711,90.93
OSPEDALE CIVILE DI ISEO,OSPEDALE DI GALLARATE,45.6632271,10.0521706,45.6566835,8.7919663,0.71,98.05
IRCCS MAUGERI TRADATE,HUMANITAS GAVAZZENI DI BERGAMO,45.7181672,8.9100975,45.6888633,9.6787228,0.708,59.84
OSPEDALE SAN PAOLO DI MILANO,OSPEDALE DI CIRCOLO E FONDAZIONE MACCHI DI VARESE,45.434388,9.1598345,45.8078076,8.8375231,0.707,48.56
OSPEDALE DI CIRCOLO DI BUSTO ARSIZIO,OSPEDALE TREVIGLIO - CARAVAGGIO,45.623062,8.8474527,45.509974,9.6113788,0.707,60.85
OSPEDALE MAGGIORE DI CREMA,OSPEDALE DI SONDRIO,45.3545923,9.6810901,46.1786137,9.9537668,0.707,94.14
OSPEDALE BASSINI DI CINISELLO BALSAMO,OSPEDALE MAGGIORE DI LODI,45.5465428,9.2143294,45.2746433,9.4425074,0.707,35.13
HUMANITAS RESEARCH HOSPITAL DI ROZZANO,OSPEDALE NIGUARDA DI MILANO,45.3724816,9.1676657,45.5106614,9.1880256,0.706,15.46
OSPEDALE CIVILE DI VIGEVANO,OSPEDALE DI DESENZANO DEL GARDA,45.3223336,8.8702814,45.4702891,10.5205607,0.706,130.04
OSPEDALE DI CREMONA,FONDAZIONE IRCCS SAN GERARDO DEI TINTORI DI MONZA - ATS BRIANZA,45.1316646,10.0521668,45.602275,9.2604939,0.705,81.1
OSPEDALE DI CREMONA,OSPEDALE LUIGI SACCO DI MILANO,45.1316646,10.0521668,45.5201635,9.1235461,0.704,84.57
AUXOLOGICO ARIOSTO DI MILANO,OSPEDALE SAN GIUSEPPE MULTIMEDICA,45.5404081,9.2360179,45.4631277,9.1714179,0.704,9.97
AUXOLOGICO CAPITANIO DI MILANO,OSPEDALE SAN GIUSEPPE MULTIMEDICA,45.4553421,9.1905558,45.4631277,9.1714179,0.704,1.73
PRESIDIO OSPEDALIERO SPEDALI CIVILI DI BRESCIA,HUMANITAS RESEARCH HOSPITAL DI ROZZANO,45.5592015,10.2304347,45.3724816,9.1676657,0.703,85.54
PRESIDIO OSPEDALIERO DI GARBAGNATE MILANESE,OSPEDALE BOLOGNINI DI SERIATE,45.5831666,9.094637,45.6832356,9.7181097,0.703,49.79
OSPEDALE SAN GIUSEPPE MULTIMEDICA,AUXOLOGICO SAN LUCA DI MILANO,45.4631277,9.1714179,45.4720181,9.1450895,0.702,2.28
IRCCS MULTIMEDICA,HUMANITAS GAVAZZENI DI BERGAMO,45.5366578,9.2184097,45.6888633,9.6787228,0.702,39.65
OSPEDALE SANTA MARIA DELLE STELLE DI MELZO,OSPEDALE UBOLDO DI CERNUSCO SUL NAVIGLIO,45.5077088,9.4276112,45.5231773,9.3281035,0.7,7.95
OSPEDALE SAN GIUSEPPE MULTIMEDICA,FONDAZIONE IRCCS SAN GERARDO DEI TINTORI DI MONZA - ATS BRIANZA,45.4631277,9.1714179,45.602275,9.2604939,0.7,16.98
AZIENDA OSPEDALIERA MELLINO MELLINI DI CHIARI,OSPEDALE DI SONDRIO,45.5380481,9.9342567,46.1786137,9.9537668,0.7,71.32
IRCCS OSPEDALE SAN RAFFAELE DI MILANO - GRUPPO SAN DONATO,FONDAZIONE IRCCS SAN GERARDO DEI TINTORI DI MONZA - ATS BRIANZA,45.5055742,9.2648041,45.602275,9.2604939,0.7,10.77
IRCCS OSPEDALE SAN RAFFAELE DI MILANO - GRUPPO SAN DONATO,HUMANITAS RESEARCH HOSPITAL DI ROZZANO,45.5055742,9.2648041,45.3724816,9.1676657,0.7,16.65
OSPEDALE DI CIRCOLO DI BUSTO ARSIZIO,OSPEDALE DI CREMONA,45.623062,8.8474527,45.1316646,10.0521668,0.7,108.93
IRCCS POLICLINICO SAN DONATO DI SAN DONATO MILANESE - GRUPPO SAN DONATO,HUMANITAS GAVAZZENI DI BERGAMO,45.4109552,9.2776923,45.6888633,9.6787228,0.698,43.98
OSPEDALE SAN GIUSEPPE MULTIMEDICA,IRCCS POLICLINICO SAN DONATO DI SAN DONATO MILANESE - GRUPPO SAN DONATO,45.4631277,9.1714179,45.4109552,9.2776923,0.698,10.13
OSPEDALE SAN MARTINO DI MEDE,OSPEDALE CIVILE DI ISEO,45.0923474,8.7315943,45.6632271,10.0521706,0.696,121.25
AUXOLOGICO ARIOSTO DI MILANO,HUMANITAS RESEARCH HOSPITAL DI ROZZANO,45.5404081,9.2360179,45.3724816,9.1676657,0.695,19.44
IRCCS MULTIMEDICA,AUXOLOGICO SAN LUCA DI MILANO,45.5366578,9.2184097,45.4720181,9.1450895,0.695,9.19
AUXOLOGICO CAPITANIO DI MILANO,HUMANITAS RESEARCH HOSPITAL DI ROZZANO,45.4553421,9.1905558,45.3724816,9.1676657,0.695,9.4
IRCCS MULTIMEDICA,HUMANITAS RESEARCH HOSPITAL DI ROZZANO,45.5366578,9.2184097,45.3724816,9.1676657,0.694,18.7
OSPEDALE DI DESENZANO DEL GARDA,OSPEDALE MAGGIORE DI CREMA,45.4702891,10.5205607,45.3545923,9.6810901,0.694,66.85
OSPEDALE PIO XI DI DESIO,OSPEDALE BOLOGNINI DI SERIATE,45.6264851,9.1961165,45.6832356,9.7181097,0.694,41.1
OSPEDALE G. FORNAROLI DI MAGENTA,PRESIDIO OSPEDALIERO SAN LEOPOLDO MANDIC DI MERATE,45.4711284,8.8936029,45.6981085,9.4272938,0.694,48.65
IRCCS OSPEDALE SAN RAFFAELE DI MILANO - GRUPPO SAN DONATO,OSPEDALE PAPA GIOVANNI XXIII DI BERGAMO,45.5055742,9.2648041,45.6868302,9.6393079,0.693,35.47
OSPEDALE DI SARONNO,PRESIDIO OSPEDALIERO DI GARBAGNATE MILANESE,45.6301331,9.0398188,45.5831666,9.094637,0.692,6.75
OSPEDALE CIVILE DI ISEO,OSPEDALE DI TRADATE,45.6632271,10.0521706,45.7209096,8.9006895,0.692,89.77
PRESIDIO OSPEDALIERO SPEDALI CIVILI DI BRESCIA,OSPEDALE NIGUARDA DI MILANO,45.5592015,10.2304347,45.5106614,9.1880256,0.691,81.46
PRESIDIO OSPEDALIERO SPEDALI CIVILI DI BRESCIA,OSPEDALE SAN PAOLO DI MILANO,45.5592015,10.2304347,45.434388,9.1598345,0.69,84.69
IRCCS MULTIMEDICA,OSPEDALE CARLO POMA DI MANTOVA,45.5366578,9.2184097,45.1443094,10.7738404,0.69,129.3
OSPEDALE DI SARONNO,OSPEDALE MAGGIORE DI LODI,45.6301331,9.0398188,45.2746433,9.4425074,0.69,50.55
OSPEDALE DI SARONNO,OSPEDALE DI SONDRIO,45.6301331,9.0398188,46.1786137,9.9537668,0.69,93.49
IRCCS POLICLINICO SAN DONATO DI SAN DONATO MILANESE - GRUPPO SAN DONATO,HUMANITAS RESEARCH HOSPITAL DI ROZZANO,45.4109552,9.2776923,45.3724816,9.1676657,0.69,9.61
OSPEDALE SAN CARLO BORROMEO DI MILANO,OSPEDALE DI SONDALO,45.468576,9.1144907,46.3350811,10.3235468,0.69,134.45
PRESIDIO OSPEDALIERO DI GARBAGNATE MILANESE,OSPEDALE MAGGIORE DI LODI,45.5831666,9.094637,45.2746433,9.4425074,0.69,43.8
OSPEDALE SAN CARLO BORROMEO DI MILANO,OSPEDALE MAGGIORE DI LODI,45.468576,9.1144907,45.2746433,9.4425074,0.689,33.53
IRCCS MAUGERI CASTEL GOFFREDO,HUMANITAS GAVAZZENI DI BERGAMO,45.3013083,10.4785441,45.6888633,9.6787228,0.688,75.87
IRCCS MAUGERI MILANO,HUMANITAS GAVAZZENI DI BERGAMO,45.4366643,9.2643822,45.6888633,9.6787228,0.688,42.79
OSPEDALE CIVILE DI VIGEVANO,OSPEDALE G. FORNAROLI DI MAGENTA,45.3223336,8.8702814,45.4711284,8.8936029,0.686,16.66
OSPEDALE CIVILE DI VIGEVANO,OSPEDALE BOLOGNINI DI SERIATE,45.3223336,8.8702814,45.6832356,9.7181097,0.686,77.39
IRCCS OSPEDALE SAN RAFFAELE DI MILANO - GRUPPO SAN DONATO,OSPEDALE POLICLINICO SAN MATTEO DI PAVIA,45.5055742,9.2648041,45.1961345,9.1489552,0.685,35.62
OSPEDALE DI SARONNO,OSPEDALE DI GALLARATE,45.6301331,9.0398188,45.6566835,8.7919663,0.684,19.51
OSPEDALE BASSINI DI CINISELLO BALSAMO,OSPEDALE MAGGIORE DI CREMA,45.5465428,9.2143294,45.3545923,9.6810901,0.684,42.25
PRESIDIO OSPEDALIERO DI GARBAGNATE MILANESE,OSPEDALE PIO XI DI DESIO,45.5831666,9.094637,45.6264851,9.1961165,0.684,9.26
OSPEDALE DI ERBA - LIFENET HEALTHCARE,OSPEDALE VALDUCE DI COMO,45.8154509,9.2248286,45.6739219,9.1694997,0.684,16.33
OSPEDALE SS. ANNUNZIATA DI VARZI,OSPEDALE SAN MARTINO DI MEDE,44.8253762,9.19025,45.0923474,8.7315943,0.684,46.78
OSPEDALE DI CIRCOLO DI BUSTO ARSIZIO,OSPEDALE MAGGIORE DI LODI,45.623062,8.8474527,45.2746433,9.4425074,0.682,60.53
OSPEDALE DI CIRCOLO DI BUSTO ARSIZIO,OSPEDALE DI SONDRIO,45.623062,8.8474527,46.1786137,9.9537668,0.682,105.69
IRCCS MAUGERI MILANO,AUXOLOGICO ARIOSTO DI MILANO,45.4366643,9.2643822,45.5404081,9.2360179,0.681,11.76
AUXOLOGICO CAPITANIO DI MILANO,IRCCS MAUGERI MILANO,45.4553421,9.1905558,45.4366643,9.2643822,0.681,6.13
ICS MAUGERI LISSONE,HUMANITAS GAVAZZENI DI BERGAMO,45.6201773,9.2383956,45.6888633,9.6787228,0.681,35.1
IRCCS MAUGERI CASTEL GOFFREDO,AUXOLOGICO CAPITANIO DI MILANO,45.3013083,10.4785441,45.4553421,9.1905558,0.681,102.16
IRCCS MAUGERI MONTESCANO,HUMANITAS GAVAZZENI DI BERGAMO,45.0325518,9.2818479,45.6888633,9.6787228,0.681,79.38
OSPEDALE CIVILE DI ISEO,PRESIDIO OSPEDALIERO ERBA-RENALDI DI MENAGGIO,45.6632271,10.0521706,46.0181675,9.2290731,0.68,75.07
IEO - ISTITUTO EUROPEO DI ONCOLOGIA DI MILANO,HUMANITAS RESEARCH HOSPITAL DI ROZZANO,45.4144217,9.2066069,45.3724816,9.1676657,0.679,5.57
IRCCS POLICLINICO SAN DONATO DI SAN DONATO MILANESE - GRUPPO SAN DONATO,OSPEDALE NIGUARDA DI MILANO,45.4109552,9.2776923,45.5106614,9.1880256,0.677,13.12
IRCCS MULTIMEDICA,PRESIDIO OSPEDALIERO SPEDALI CIVILI DI BRESCIA,45.5366578,9.2184097,45.5592015,10.2304347,0.677,78.94
IRCCS OSPEDALE SAN RAFFAELE DI MILANO - GRUPPO SAN DONATO,OSPEDALE DI CIRCOLO E FONDAZIONE MACCHI DI VARESE,45.5055742,9.2648041,45.8078076,8.8375231,0.676,47.3
OSPEDALE MORIGGIA PELASCINI DI GRAVEDONA - GRUPPO ITALCLINICHE,OSPEDALE MAGGIORE DI CREMA,46.1422206,9.2991224,45.3545923,9.6810901,0.676,92.56
AZIENDA OSPEDALIERA MELLINO MELLINI DI CHIARI,OSPEDALE BASSINI DI CINISELLO BALSAMO,45.5380481,9.9342567,45.5465428,9.2143294,0.676,56.14
ICS MAUGERI LISSONE,AUXOLOGICO CAPITANIO DI MILANO,45.6201773,9.2383956,45.4553421,9.1905558,0.674,18.72
ICS MAUGERI LISSONE,AUXOLOGICO ARIOSTO DI MILANO,45.6201773,9.2383956,45.5404081,9.2360179,0.674,8.88
IRCCS MAUGERI MONTESCANO,AUXOLOGICO CAPITANIO DI MILANO,45.0325518,9.2818479,45.4553421,9.1905558,0.674,47.61
IRCCS MAUGERI MONTESCANO,AUXOLOGICO ARIOSTO DI MILANO,45.0325518,9.2818479,45.5404081,9.2360179,0.674,56.65
IRCCS POLICLINICO SAN DONATO DI SAN DONATO MILANESE - GRUPPO SAN DONATO,IRCCS MAUGERI PAVIA,45.4109552,9.2776923,45.204193,9.1396246,0.673,25.43
OSPEDALE LUIGI SACCO DI MILANO,OSPEDALE SAN PAOLO DI MILANO,45.5201635,9.1235461,45.434388,9.1598345,0.673,9.96
OSPEDALE SAN PAOLO DI MILANO,OSPEDALE PAPA GIOVANNI XXIII DI BERGAMO,45.434388,9.1598345,45.6868302,9.6393079,0.672,46.76
AUXOLOGICO SAN LUCA DI MILANO,FONDAZIONE IRCCS SAN GERARDO DEI TINTORI DI MONZA - ATS BRIANZA,45.4720181,9.1450895,45.602275,9.2604939,0.667,17.07
PRESIDIO OSPEDALIERO SAN LEOPOLDO MANDIC DI MERATE,OSPEDALE TREVIGLIO - CARAVAGGIO,45.6981085,9.4272938,45.509974,9.6113788,0.667,25.38
OSPEDALE CIVILE DI ISEO,OSPEDALE CAUSA PIA LUVINI DI CITTIGLIO,45.6632271,10.0521706,45.8936971,8.6681189,0.667,110.47
IRCCS MULTIMEDICA,AUXOLOGICO ARIOSTO DI MILANO,45.5366578,9.2184097,45.5404081,9.2360179,0.667,1.44
OSPEDALE SS. ANNUNZIATA DI VARZI,PRESIDIO OSPEDALIERO ERBA-RENALDI DI MENAGGIO,44.8253762,9.19025,46.0181675,9.2290731,0.667,132.82
ICS MAUGERI PAVIA,HUMANITAS GAVAZZENI DI BERGAMO,45.1893999,9.1503398,45.6888633,9.6787228,0.667,69.24
OSPEDALE DI MANERBIO,OSPEDALE CIVILE LA MEMORIA DI GAVARDO,45.3570323,10.1465113,45.5929679,10.4417413,0.667,34.94
OSPEDALE DI ASOLA,OSPEDALE CIVILE DESTRA SECCHIA DI PIEVE DI CORIANO,45.2238127,10.4121326,45.035801,11.1173373,0.667,59.21
AZIENDA OSPEDALIERA MELLINO MELLINI DI CHIARI,OSPEDALE G. FORNAROLI DI MAGENTA,45.5380481,9.9342567,45.4711284,8.8936029,0.667,81.53
IRCCS POLICLINICO SAN DONATO DI SAN DONATO MILANESE - GRUPPO SAN DONATO,FONDAZIONE IRCCS SAN GERARDO DEI TINTORI DI MONZA - ATS BRIANZA,45.4109552,9.2776923,45.602275,9.2604939,0.661,21.34
IRCCS POLICLINICO SAN DONATO DI SAN DONATO MILANESE - GRUPPO SAN DONATO,AUXOLOGICO SAN LUCA DI MILANO,45.4109552,9.2776923,45.4720181,9.1450895,0.661,12.39
OSPEDALE LUIGI SACCO DI MILANO,OSPEDALE DI CIRCOLO E FONDAZIONE MACCHI DI VARESE,45.5201635,9.1235461,45.8078076,8.8375231,0.661,38.99
OSPEDALE DI MANERBIO,OSPEDALE DI CREMONA,45.3570323,10.1465113,45.1316646,10.0521668,0.66,26.15
OSPEDALE CIVILE DI ISEO,OSPEDALE CIVILE DI VOGHERA,45.6632271,10.0521706,44.9947405,9.0145707,0.656,110.14
OSPEDALE CIVILE DI ISEO,OSPEDALE PIO XI DI DESIO,45.6632271,10.0521706,45.6264851,9.1961165,0.656,66.75
IRCCS POLICLINICO SAN DONATO DI SAN DONATO MILANESE - GRUPPO SAN DONATO,OSPEDALE CARLO POMA DI MANTOVA,45.4109552,9.2776923,45.1443094,10.7738404,0.655,120.9
OSPEDALE CAUSA PIA LUVINI DI CITTIGLIO,OSPEDALE CIVILE DESTRA SECCHIA DI PIEVE DI CORIANO,45.8936971,8.6681189,45.035801,11.1173373,0.654,213.73
PRESIDIO OSPEDALIERO DI MONTICHIARI,OSPEDALE CIVILE DI ISEO,45.4104244,10.4087873,45.6632271,10.0521706,0.654,39.56
OSPEDALE SAN CARLO BORROMEO DI MILANO,OSPEDALE LUIGI SACCO DI MILANO,45.468576,9.1144907,45.5201635,9.1235461,0.653,5.79
OSPEDALE LUIGI SACCO DI MILANO,OSPEDALE DI SONDRIO,45.5201635,9.1235461,46.1786137,9.9537668,0.653,97.55
OSPEDALE FATEBENEFRATELLI E OFTALMICO DI MILANO,OSPEDALE SAN PAOLO DI MILANO,45.4789063,9.1921552,45.434388,9.1598345,0.653,5.56
PRESIDIO OSPEDALIERO DI SANT'ANGELO LODIGIANO,PRESIDIO OSPEDALIERO DI CASALPUSTERLENGO,45.202428,9.407352,45.170174,9.6513675,0.652,19.48
PRESIDIO OSPEDALIERO DI MONTICHIARI,OSPEDALE SAN MARTINO DI MEDE,45.4104244,10.4087873,45.0923474,8.7315943,0.652,136.12
PRESIDIO OSPEDALIERO DI MONTICHIARI,PRESIDIO OSPEDALIERO DI GARDONE VAL TROMPIA,45.4104244,10.4087873,45.6764749,10.1834946,0.652,34.43
OSPEDALE SANT'ANTONIO ABATE DI CANTÙ,AZIENDA OSPEDALIERA MELLINO MELLINI DI CHIARI,45.7371258,9.1450853,45.5380481,9.9342567,0.647,65.3
AUXOLOGICO MOSÈ BIANCHI DI MILANO,AUXOLOGICO SAN LUCA DI MILANO,45.4750186,9.1460516,45.4720181,9.1450895,0.647,0.34
OSPEDALE DI ESINE,OSPEDALE MAGGIORE DI CREMA,45.926174,10.2469473,45.3545923,9.6810901,0.647,77.38
OSPEDALE DI SARONNO,OSPEDALE SANT'ANNA DI SAN FERMO DELLA BATTAGLIA,45.6301331,9.0398188,45.802113,9.0396312,0.646,19.14
OSPEDALE DI CIRCOLO DI BUSTO ARSIZIO,PRESIDIO OSPEDALIERO ALESSANDRO MANZONI DI LECCO,45.623062,8.8474527,45.8523467,9.4133667,0.646,50.84
OSPEDALE CITTÀ DI SESTO SAN GIOVANNI,OSPEDALE MAGGIORE DI LODI,45.5365899,9.2241782,45.2746433,9.4425074,0.644,33.79
OSPEDALE SAN CARLO BORROMEO DI MILANO,OSPEDALE DI CREMONA,45.468576,9.1144907,45.1316646,10.0521668,0.642,82.45
OSPEDALE DI SARONNO,OSPEDALE CIVILE DI VOGHERA,45.6301331,9.0398188,44.9947405,9.0145707,0.641,70.76
G.B. MANGIONI HOSPITAL DI LECCO - GVM CARE & RESEARCH,ICS MAUGERI PAVIA,45.6768906,9.4438072,45.1893999,9.1503398,0.641,58.91
PRESIDIO OSPEDALIERO DI MONTICHIARI,PRESIDIO OSPEDALIERO ERBA-RENALDI DI MENAGGIO,45.4104244,10.4087873,46.0181675,9.2290731,0.64,113.95
OSPEDALE DI ERBA - LIFENET HEALTHCARE,AZIENDA OSPEDALIERA MELLINO MELLINI DI CHIARI,45.8154509,9.2248286,45.5380481,9.9342567,0.639,63.23
OSPEDALE SAN CARLO BORROMEO DI MILANO,OSPEDALE TREVIGLIO - CARAVAGGIO,45.468576,9.1144907,45.509974,9.6113788,0.636,39.05
OSPEDALE BASSINI DI CINISELLO BALSAMO,OSPEDALE VALDUCE DI COMO,45.5465428,9.2143294,45.6739219,9.1694997,0.634,14.6
OSPEDALE CITTÀ DI SESTO SAN GIOVANNI,OSPEDALE PIO XI DI DESIO,45.5365899,9.2241782,45.6264851,9.1961165,0.634,10.24
OSPEDALE DI MANERBIO,PRESIDIO OSPEDALIERO DI GARBAGNATE MILANESE,45.3570323,10.1465113,45.5831666,9.094637,0.634,85.89
OSPEDALE BASSINI DI CINISELLO BALSAMO,OSPEDALE CARLO POMA DI MANTOVA,45.5465428,9.2143294,45.1443094,10.7738404,0.633,129.97
OSPEDALE SAN CARLO BORROMEO DI MILANO,HUMANITAS RESEARCH HOSPITAL DI ROZZANO,45.468576,9.1144907,45.3724816,9.1676657,0.632,11.48
OSPEDALE CAUSA PIA LUVINI DI CITTIGLIO,OSPEDALE CIVILE LA MEMORIA DI GAVARDO,45.8936971,8.6681189,45.5929679,10.4417413,0.63,141.79
OSPEDALE VALDUCE DI COMO,OSPEDALE CARLO POMA DI MANTOVA,45.6739219,9.1694997,45.1443094,10.7738404,0.627,138.55
OSPEDALE CAUSA PIA LUVINI DI CITTIGLIO,OSPEDALE OGLIO PO DI CASALMAGGIORE,45.8936971,8.6681189,44.9732538,10.457108,0.625,173.28
OSPEDALE DI TRADATE,AZIENDA OSPEDALIERA MELLINO MELLINI DI CHIARI,45.7209096,8.9006895,45.5380481,9.9342567,0.625,82.99
OSPEDALE DI TRADATE,OSPEDALE BOLOGNINI DI SERIATE,45.7209096,8.9006895,45.6832356,9.7181097,0.625,63.69
G.B. MANGIONI HOSPITAL DI LECCO - GVM CARE & RESEARCH,IRCCS MAUGERI MILANO,45.6768906,9.4438072,45.4366643,9.2643822,0.625,30.18
PRESIDIO OSPEDALIERO TRIBANDI PAVONI DI ORZINUOVI,OSPEDALE CIVILE DI ISEO,45.4017602,9.9265848,45.6632271,10.0521706,0.625,30.71
OSPEDALE MORIGGIA PELASCINI DI GRAVEDONA - GRUPPO ITALCLINICHE,OSPEDALE G. FORNAROLI DI MAGENTA,46.1422206,9.2991224,45.4711284,8.8936029,0.622,81.06
OSPEDALE SAN CARLO BORROMEO DI MILANO,OSPEDALE VALDUCE DI COMO,45.468576,9.1144907,45.6739219,9.1694997,0.622,23.26
OSPEDALE MORIGGIA PELASCINI DI GRAVEDONA - GRUPPO ITALCLINICHE,OSPEDALE MAGGIORE DI LODI,46.1422206,9.2991224,45.2746433,9.4425074,0.619,97.22
OSPEDALE MORIGGIA PELASCINI DI GRAVEDONA - GRUPPO ITALCLINICHE,OSPEDALE DI SONDRIO,46.1422206,9.2991224,46.1786137,9.9537668,0.619,50.64
OSPEDALE CAUSA PIA LUVINI DI CITTIGLIO,OSPEDALE M. O. A. LOCATELLI DI PIARIO,45.8936971,8.6681189,45.8875689,9.917053,0.619,96.77
OSPEDALE SAN MARTINO DI MEDE,PRESIDIO OSPEDALIERO DI GARDONE VAL TROMPIA,45.0923474,8.7315943,45.6764749,10.1834946,0.619,130.82
OSPEDALE SANTI CAPITANIO E GEROSA DI LOVERE,PRESIDIO OSPEDALIERO DI GARDONE VAL TROMPIA,45.8191951,10.0757281,45.6764749,10.1834946,0.619,17.96
PRESIDIO OSPEDALIERO TRIBANDI PAVONI DI ORZINUOVI,OSPEDALE SAN MARTINO DI MEDE,45.4017602,9.9265848,45.0923474,8.7315943,0.619,99.79
OSPEDALE SAN CARLO BORROMEO DI MILANO,OSPEDALE DI SONDRIO,45.468576,9.1144907,46.1786137,9.9537668,0.617,102.4
PRESIDIO RIABILITATIVO UMBERTO I DI BELLANO,OSPEDALE DI LENO,46.0475515,9.3058267,45.3644372,10.2163471,0.615,103.89
OSPEDALE CAUSA PIA LUVINI DI CITTIGLIO,OSPEDALE DI ESINE,45.8936971,8.6681189,45.926174,10.2469473,0.615,122.34
OSPEDALE FATEBENEFRATELLI E OFTALMICO DI MILANO,OSPEDALE DI CIRCOLO E FONDAZIONE MACCHI DI VARESE,45.4789063,9.1921552,45.8078076,8.8375231,0.614,45.85
OSPEDALE SANT'ANTONIO ABATE DI CANTÙ,OSPEDALE DI ESINE,45.7371258,9.1450853,45.926174,10.2469473,0.613,88.02
G.B. MANGIONI HOSPITAL DI LECCO - GVM CARE & RESEARCH,IRCCS MAUGERI TRADATE,45.6768906,9.4438072,45.7181672,8.9100975,0.61,41.75
OSPEDALE M. O. A. LOCATELLI DI PIARIO,OSPEDALE OGLIO PO DI CASALMAGGIORE,45.8875689,9.917053,44.9732538,10.457108,0.609,110.18
OSPEDALE SAN MARTINO DI MEDE,PRESIDIO OSPEDALIERO ERBA-RENALDI DI MENAGGIO,45.0923474,8.7315943,46.0181675,9.2290731,0.609,110.12
OSPEDALE SS. ANNUNZIATA DI VARZI,OSPEDALE CIVILE DI ISEO,44.8253762,9.19025,45.6632271,10.0521706,0.609,115.16
OSPEDALE DI ESINE,OSPEDALE OGLIO PO DI CASALMAGGIORE,45.926174,10.2469473,44.9732538,10.457108,0.607,107.34
OSPEDALE DI ESINE,OSPEDALE DI DESENZANO DEL GARDA,45.926174,10.2469473,45.4702891,10.5205607,0.606,55.03
OSPEDALE DI TRADATE,OSPEDALE CIVILE DI VOGHERA,45.7209096,8.9006895,44.9947405,9.0145707,0.606,81.33
OSPEDALE DI TRADATE,OSPEDALE DI GALLARATE,45.7209096,8.9006895,45.6566835,8.7919663,0.606,11.07
PRESIDIO OSPEDALIERO DI RHO,OSPEDALE BOLOGNINI DI SERIATE,45.5345146,9.0343713,45.6832356,9.7181097,0.606,55.76
AUXOLOGICO MOSÈ BIANCHI DI MILANO,IRCCS MAUGERI TRADATE,45.4750186,9.1460516,45.7181672,8.9100975,0.605,32.72
OSPEDALE SANT'ANTONIO ABATE DI CANTÙ,OSPEDALE MORIGGIA PELASCINI DI GRAVEDONA - GRUPPO ITALCLINICHE,45.7371258,9.1450853,46.1422206,9.2991224,0.6,46.64
OSPEDALE SANT'ANTONIO ABATE DI CANTÙ,OSPEDALE BOLOGNINI DI SERIATE,45.7371258,9.1450853,45.6832356,9.7181097,0.6,44.95
OSPEDALE SANT'ANTONIO ABATE DI CANTÙ,OSPEDALE DI TRADATE,45.7371258,9.1450853,45.7209096,8.9006895,0.6,19.08
OSPEDALE SANT'ANTONIO ABATE DI CANTÙ,OSPEDALE DI SONDRIO,45.7371258,9.1450853,46.1786137,9.9537668,0.6,79.57
EUGENIO MEDEA - POLO SCIENTIFICO DI BOSISIO PARINI,VILLA BERETTA DI COSTA MASNAGA,45.7881165,9.2892625,45.7705718,9.2704936,0.6,2.44
OSPEDALE CIVILE DI SAN GIOVANNI BIANCO,OSPEDALE DI EDOLO,45.8711558,9.6549201,46.1787559,10.3311868,0.6,62.49
OSPEDALE ASILO VITTORIA DI MORTARA,OSPEDALE LUINI CONFALONIERI DI LUINO,45.2509063,8.751228,45.9958582,8.7457533,0.6,82.93
OSPEDALE ASILO VITTORIA DI MORTARA,OSPEDALE DI EDOLO,45.2509063,8.751228,46.1787559,10.3311868,0.6,160.46
OSPEDALE VILLA DEI COLLI DI LONATO DEL GARDA,VILLA BERETTA DI COSTA MASNAGA,45.4571342,10.4958144,45.7705718,9.2704936,0.6,101.59
G.B. MANGIONI HOSPITAL DI LECCO - GVM CARE & RESEARCH,IRCCS SANTA MARIA NASCENTE DI MILANO - FONDAZIONE DON CARLO GNOCCHI,45.6768906,9.4438072,45.4741397,9.1259062,0.6,33.51
OSPEDALE BRIOLINI DI GAZZANIGA,FONDAZIONE ISTITUTO NEUROLOGICO MONDINO DI PAVIA,45.7949058,9.8295956,45.2025868,9.1409644,0.6,85.06
OSPEDALE FATEBENEFRATELLI E OFTALMICO DI MILANO,OSPEDALE LUIGI SACCO DI MILANO,45.4789063,9.1921552,45.5201635,9.1235461,0.6,7.05
G.B. MANGIONI HOSPITAL DI LECCO - GVM CARE & RESEARCH,IRCCS MAUGERI PAVIA,45.6768906,9.4438072,45.204193,9.1396246,0.596,57.74
OSPEDALE DI TRADATE,OSPEDALE DI DESENZANO DEL GARDA,45.7209096,8.9006895,45.4702891,10.5205607,0.594,129.22
OSPEDALE SANT'ANTONIO ABATE DI CANTÙ,OSPEDALE CIVILE DESTRA SECCHIA DI PIEVE DI CORIANO,45.7371258,9.1450853,45.035801,11.1173373,0.594,172.83
OSPEDALE SANT'ANTONIO ABATE DI CANTÙ,PRESIDIO OSPEDALIERO DI GARDONE VAL TROMPIA,45.7371258,9.1450853,45.6764749,10.1834946,0.593,81.0
OSPEDALE DI ASOLA,OSPEDALE PESENTI FENAROLI DI ALZANO LOMBARDO,45.2238127,10.4121326,45.7312984,9.7258139,0.593,77.85
OSPEDALE VALDUCE DI COMO,OSPEDALE LUIGI SACCO DI MILANO,45.6739219,9.1694997,45.5201635,9.1235461,0.592,17.49
PRESIDIO OSPEDALIERO DI RHO,OSPEDALE PIO XI DI DESIO,45.5345146,9.0343713,45.6264851,9.1961165,0.588,16.24
OSPEDALE PESENTI FENAROLI DI ALZANO LOMBARDO,PRESIDIO OSPEDALIERO SAN LEOPOLDO MANDIC DI MERATE,45.7312984,9.7258139,45.6981085,9.4272938,0.588,23.5
AUXOLOGICO MOSÈ BIANCHI DI MILANO,HUMANITAS GAVAZZENI DI BERGAMO,45.4750186,9.1460516,45.6888633,9.6787228,0.588,47.84
PRESIDIO RIABILITATIVO UMBERTO I DI BELLANO,PRESIDIO OSPEDALIERO TRIBANDI PAVONI DI ORZINUOVI,46.0475515,9.3058267,45.4017602,9.9265848,0.588,86.57
ISTITUTO NAZIONALE DEI TUMORI,FONDAZIONE IRCCS SAN GERARDO DEI TINTORI DI MONZA - ATS BRIANZA,45.474386,9.2321797,45.602275,9.2604939,0.586,14.41
OSPEDALE DI CARATE BRIANZA,OSPEDALE SANT'ANTONIO ABATE DI CANTÙ,45.6708272,9.246401,45.7371258,9.1450853,0.586,10.79
OSPEDALE CAUSA PIA LUVINI DI CITTIGLIO,OSPEDALE DI ASOLA,45.8936971,8.6681189,45.2238127,10.4121326,0.583,155.04
OSPEDALE DI LENO,OSPEDALE CIVILE DI SALÒ,45.3644372,10.2163471,45.6051758,10.5223809,0.583,35.9
OSPEDALE DI SONDALO,OSPEDALE LUIGI SACCO DI MILANO,46.3350811,10.3235468,45.5201635,9.1235461,0.583,129.85
OSPEDALE PESENTI FENAROLI DI ALZANO LOMBARDO,OSPEDALE CIVILE LA MEMORIA DI GAVARDO,45.7312984,9.7258139,45.5929679,10.4417413,0.581,57.79
OSPEDALE SANTA MARIA DELLE STELLE DI MELZO,OSPEDALE CIVILE DI VOGHERA,45.5077088,9.4276112,44.9947405,9.0145707,0.581,65.64
OSPEDALE CIVILE DI VOLTA MANTOVANA,OSPEDALE BRIOLINI DI GAZZANIGA,45.3252536,10.6578651,45.7949058,9.8295956,0.579,83.07
OSPEDALE CIVILE DI LEGNANO,OSPEDALE DI SONDRIO,45.5844164,8.8873,46.1786137,9.9537668,0.578,105.85
OSPEDALE CAUSA PIA LUVINI DI CITTIGLIO,OSPEDALE PESENTI FENAROLI DI ALZANO LOMBARDO,45.8936971,8.6681189,45.7312984,9.7258139,0.577,84.03
OSPEDALE DI CARATE BRIANZA,OSPEDALE OGLIO PO DI CASALMAGGIORE,45.6708272,9.246401,44.9732538,10.457108,0.577,122.51
AUXOLOGICO MOSÈ BIANCHI DI MILANO,OSPEDALE CARLO POMA DI MANTOVA,45.4750186,9.1460516,45.1443094,10.7738404,0.577,132.64
OSPEDALE SAN MARTINO DI MEDE,OSPEDALE DI ESINE,45.0923474,8.7315943,45.926174,10.2469473,0.577,150.3
OSPEDALE DI ASOLA,OSPEDALE OGLIO PO DI CASALMAGGIORE,45.2238127,10.4121326,44.9732538,10.457108,0.577,28.12
PRESIDIO OSPEDALIERO DI CASALPUSTERLENGO,ICS MAUGERI PAVIA,45.170174,9.6513675,45.1893999,9.1503398,0.576,39.37
OSPEDALE DI TRADATE,OSPEDALE G. FORNAROLI DI MAGENTA,45.7209096,8.9006895,45.4711284,8.8936029,0.576,27.81
FONDAZIONE IRCCS CA' GRANDA OSPEDALE MAGGIORE POLICLINICO DI MILANO,OSPEDALE PAPA GIOVANNI XXIII DI BERGAMO,45.4589944,9.1949011,45.6868302,9.6393079,0.575,42.92
G.B. MANGIONI HOSPITAL DI LECCO - GVM CARE & RESEARCH,IRCCS POLICLINICO SAN DONATO DI SAN DONATO MILANESE - GRUPPO SAN DONATO,45.6768906,9.4438072,45.4109552,9.2776923,0.574,32.31
FONDAZIONE IRCCS CA' GRANDA OSPEDALE MAGGIORE POLICLINICO DI MILANO,OSPEDALE DI CIRCOLO E FONDAZIONE MACCHI DI VARESE,45.4589944,9.1949011,45.8078076,8.8375231,0.573,47.77
OSPEDALE CAUSA PIA LUVINI DI CITTIGLIO,NUOVO OSPEDALE DI BRONI E STRADELLA,45.8936971,8.6681189,45.0775802,9.2872794,0.571,102.9
OSPEDALE DI CARATE BRIANZA,OSPEDALE DI ESINE,45.6708272,9.246401,45.926174,10.2469473,0.571,82.69
PRESIDIO OSPEDALIERO DI MONTICHIARI,OSPEDALE PESENTI FENAROLI DI ALZANO LOMBARDO,45.4104244,10.4087873,45.7312984,9.7258139,0.571,64.1
OSPEDALE CIVILE DESTRA SECCHIA DI PIEVE DI CORIANO,OSPEDALE DI SONDALO,45.035801,11.1173373,46.3350811,10.3235468,0.568,157.26
IEO - ISTITUTO EUROPEO DI ONCOLOGIA DI MILANO,FONDAZIONE IRCCS SAN GERARDO DEI TINTORI DI MONZA - ATS BRIANZA,45.4144217,9.2066069,45.602275,9.2604939,0.567,21.33
PRESIDIO OSPEDALIERO DI MONTICHIARI,OSPEDALE SANT'ANTONIO ABATE DI CANTÙ,45.4104244,10.4087873,45.7371258,9.1450853,0.567,104.97
OSPEDALE CAUSA PIA LUVINI DI CITTIGLIO,OSPEDALE DI DESENZANO DEL GARDA,45.8936971,8.6681189,45.4702891,10.5205607,0.567,151.58
OSPEDALE SAN MARTINO DI MEDE,PRESIDIO OSPEDALIERO DI CASALPUSTERLENGO,45.0923474,8.7315943,45.170174,9.6513675,0.565,72.75
PRESIDIO OSPEDALIERO DI MONTICHIARI,OSPEDALE SS. ANNUNZIATA DI VARZI,45.4104244,10.4087873,44.8253762,9.19025,0.565,115.77
G.B. MANGIONI HOSPITAL DI LECCO - GVM CARE & RESEARCH,AZIENDA OSPEDALIERA MELLINO MELLINI DI CHIARI,45.6768906,9.4438072,45.5380481,9.9342567,0.564,41.2
IRCCS OSPEDALE GALEAZZI - SANT'AMBROGIO DI MILANO - GRUPPO SAN DONATO,IEO - ISTITUTO EUROPEO DI ONCOLOGIA DI MILANO,45.5224116,9.0961509,45.4144217,9.2066069,0.563,14.79
OSPEDALE CIVILE DI SAN GIOVANNI BIANCO,OSPEDALE UBOLDO DI CERNUSCO SUL NAVIGLIO,45.8711558,9.6549201,45.5231773,9.3281035,0.563,46.33
PRESIDIO RIABILITATIVO UMBERTO I DI BELLANO,OSPEDALE SS. ANNUNZIATA DI VARZI,46.0475515,9.3058267,44.8253762,9.19025,0.563,136.35
OSPEDALE SANTI CAPITANIO E GEROSA DI LOVERE,OSPEDALE CIVILE DI ISEO,45.8191951,10.0757281,45.6632271,10.0521706,0.56,17.46
OSPEDALE SANTA MARIA DELLE STELLE DI MELZO,OSPEDALE OGLIO PO DI CASALMAGGIORE,45.5077088,9.4276112,44.9732538,10.457108,0.56,100.26
AUXOLOGICO MOSÈ BIANCHI DI MILANO,IRCCS MAUGERI PAVIA,45.4750186,9.1460516,45.204193,9.1396246,0.56,30.15
ISTITUTO NAZIONALE DEI TUMORI,HUMANITAS RESEARCH HOSPITAL DI ROZZANO,45.474386,9.2321797,45.3724816,9.1676657,0.559,12.41
PRESIDIO OSPEDALIERO ERBA-RENALDI DI MENAGGIO,ICS MAUGERI PAVIA,46.0181675,9.2290731,45.1893999,9.1503398,0.559,92.46
OSPEDALE DI ERBA - LIFENET HEALTHCARE,OSPEDALE SAN CARLO BORROMEO DI MILANO,45.8154509,9.2248286,45.468576,9.1144907,0.558,39.56
AUXOLOGICO MOSÈ BIANCHI DI MILANO,OSPEDALE SAN GIUSEPPE MULTIMEDICA,45.4750186,9.1460516,45.4631277,9.1714179,0.558,2.38
PRESIDIO OSPEDALIERO CTO,PRESIDIO OSPEDALIERO GAETANO PINI,45.5257391,9.2139846,45.4548291,9.1932673,0.556,8.06
OSPEDALE SANTA MARIA DELLE STELLE DI MELZO,OSPEDALE DI ESINE,45.5077088,9.4276112,45.926174,10.2469473,0.556,78.9
OSPEDALE DI CUASSO AL MONTE,OSPEDALE ASILO VITTORIA DI MORTARA,45.9072714,8.8570045,45.2509063,8.751228,0.556,73.53
OSPEDALE SANTI BENEDETTO E GELTRUDE DI CUGGIONO,NUOVO OSPEDALE DI BRONI E STRADELLA,45.5096917,8.8223357,45.0775802,9.2872794,0.556,60.33
PRESIDIO OSPEDALIERO TRIBANDI PAVONI DI ORZINUOVI,OSPEDALE DI LENO,45.4017602,9.9265848,45.3644372,10.2163471,0.556,23.03
IEO - ISTITUTO EUROPEO DI ONCOLOGIA DI MILANO,OSPEDALE POLICLINICO SAN MATTEO DI PAVIA,45.4144217,9.2066069,45.1961345,9.1489552,0.556,24.72
OSPEDALE DI ERBA - LIFENET HEALTHCARE,OSPEDALE MORIGGIA PELASCINI DI GRAVEDONA - GRUPPO ITALCLINICHE,45.8154509,9.2248286,46.1422206,9.2991224,0.553,36.83
PRESIDIO OSPEDALIERO ERBA-RENALDI DI MENAGGIO,IRCCS OSPEDALE SAN RAFFAELE TURRO DI MILANO - GRUPPO SAN DONATO,46.0181675,9.2290731,45.4991936,9.2291326,0.552,57.77
PRESIDIO OSPEDALIERO DI MONTICHIARI,OSPEDALE DI ESINE,45.4104244,10.4087873,45.926174,10.2469473,0.552,58.78
OSPEDALE CIVILE DI LEGNANO,OSPEDALE LUIGI SACCO DI MILANO,45.5844164,8.8873,45.5201635,9.1235461,0.551,19.76
OSPEDALE CIVILE DI LEGNANO,PRESIDIO OSPEDALIERO ALESSANDRO MANZONI DI LECCO,45.5844164,8.8873,45.8523467,9.4133667,0.551,50.61
OSPEDALE DI ERBA - LIFENET HEALTHCARE,PRESIDIO OSPEDALIERO DI GARBAGNATE MILANESE,45.8154509,9.2248286,45.5831666,9.094637,0.55,27.77
OSPEDALE DI ERBA - LIFENET HEALTHCARE,OSPEDALE DI SONDALO,45.8154509,9.2248286,46.3350811,10.3235468,0.55,102.69
OSPEDALE DI ERBA - LIFENET HEALTHCARE,OSPEDALE CITTÀ DI SESTO SAN GIOVANNI,45.8154509,9.2248286,45.5365899,9.2241782,0.548,31.04
OSPEDALE SANTA MARIA DELLE STELLE DI MELZO,OSPEDALE G. FORNAROLI DI MAGENTA,45.5077088,9.4276112,45.4711284,8.8936029,0.548,41.87
OSPEDALE SANTA MARIA DELLE STELLE DI MELZO,OSPEDALE MORIGGIA PELASCINI DI GRAVEDONA - GRUPPO ITALCLINICHE,45.5077088,9.4276112,46.1422206,9.2991224,0.548,71.33
OSPEDALE SANTA MARIA DELLE STELLE DI MELZO,OSPEDALE BOLOGNINI DI SERIATE,45.5077088,9.4276112,45.6832356,9.7181097,0.548,29.9
AUXOLOGICO MOSÈ BIANCHI DI MILANO,IRCCS MAUGERI MILANO,45.4750186,9.1460516,45.4366643,9.2643822,0.545,10.18
OSPEDALE SANTI CAPITANIO E GEROSA DI LOVERE,OSPEDALE SAN MARTINO DI MEDE,45.8191951,10.0757281,45.0923474,8.7315943,0.545,132.52
PRESIDIO OSPEDALIERO DI MONTICHIARI,OSPEDALE BOLOGNINI DI SERIATE,45.4104244,10.4087873,45.6832356,9.7181097,0.545,61.82
PRESIDIO OSPEDALIERO TRIBANDI PAVONI DI ORZINUOVI,PRESIDIO OSPEDALIERO DI GARDONE VAL TROMPIA,45.4017602,9.9265848,45.6764749,10.1834946,0.545,36.56
FONDAZIONE IRCCS CA' GRANDA OSPEDALE MAGGIORE POLICLINICO DI MILANO,OSPEDALE POLICLINICO SAN MATTEO DI PAVIA,45.4589944,9.1949011,45.1961345,9.1489552,0.544,29.48
OSPEDALE UBOLDO DI CERNUSCO SUL NAVIGLIO,OSPEDALE OGLIO PO DI CASALMAGGIORE,45.5231773,9.3281035,44.9732538,10.457108,0.542,107.59
OSPEDALE SANTI CAPITANIO E GEROSA DI LOVERE,PRESIDIO OSPEDALIERO ERBA-RENALDI DI MENAGGIO,45.8191951,10.0757281,46.0181675,9.2290731,0.542,69.21
PRESIDIO OSPEDALIERO TRIBANDI PAVONI DI ORZINUOVI,PRESIDIO OSPEDALIERO ERBA-RENALDI DI MENAGGIO,45.4017602,9.9265848,46.0181675,9.2290731,0.542,87.45
OSPEDALE SAN MARTINO DI MEDE,OSPEDALE PESENTI FENAROLI DI ALZANO LOMBARDO,45.0923474,8.7315943,45.7312984,9.7258139,0.538,105.33
OSPEDALE SANTA MARIA DELLE STELLE DI MELZO,OSPEDALE DI TRADATE,45.5077088,9.4276112,45.7209096,8.9006895,0.538,47.4
OSPEDALE DI CARATE BRIANZA,OSPEDALE DI ASOLA,45.6708272,9.246401,45.2238127,10.4121326,0.538,103.75
IRCCS SANTA MARIA NASCENTE DI MILANO - FONDAZIONE DON CARLO GNOCCHI,IRCCS MAUGERI TRADATE,45.4741397,9.1259062,45.7181672,8.9100975,0.538,31.95
IEO - ISTITUTO EUROPEO DI ONCOLOGIA DI MILANO,OSPEDALE NIGUARDA DI MILANO,45.4144217,9.2066069,45.5106614,9.1880256,0.538,10.81
PRESIDIO OSPEDALIERO DI MONTICHIARI,OSPEDALE DI TRADATE,45.4104244,10.4087873,45.7209096,8.9006895,0.536,122.51
OSPEDALE CIVILE DI SAN GIOVANNI BIANCO,OSPEDALE CARLO ONDOLI DI ANGERA,45.8711558,9.6549201,45.7755978,8.579008,0.533,84.14
FONDAZIONE IRCCS CA' GRANDA OSPEDALE MAGGIORE POLICLINICO DI MILANO,FONDAZIONE IRCCS SAN GERARDO DEI TINTORI DI MONZA - ATS BRIANZA,45.4589944,9.1949011,45.602275,9.2604939,0.532,16.75
IRCCS OSPEDALE SAN RAFFAELE TURRO DI MILANO - GRUPPO SAN DONATO,HUMANITAS GAVAZZENI DI BERGAMO,45.4991936,9.2291326,45.6888633,9.6787228,0.532,40.89
FONDAZIONE IRCCS CA' GRANDA OSPEDALE MAGGIORE POLICLINICO DI MILANO,OSPEDALE NIGUARDA DI MILANO,45.4589944,9.1949011,45.5106614,9.1880256,0.531,5.78
ISTITUTO NAZIONALE DEI TUMORI,OSPEDALE NIGUARDA DI MILANO,45.474386,9.2321797,45.5106614,9.1880256,0.531,5.31
OSPEDALE SANTA MARIA DELLE STELLE DI MELZO,PRESIDIO OSPEDALIERO SAN LEOPOLDO MANDIC DI MERATE,45.5077088,9.4276112,45.6981085,9.4272938,0.531,21.2
PRESIDIO OSPEDALIERO DI SANT'ANGELO LODIGIANO,ICS MAUGERI PAVIA,45.202428,9.407352,45.1893999,9.1503398,0.529,20.21
OSPEDALE CIVILE DI SAN GIOVANNI BIANCO,PRESIDIO OSPEDALIERO DI GARDONE VAL TROMPIA,45.8711558,9.6549201,45.6764749,10.1834946,0.529,46.41
OSPEDALE DI ASOLA,OSPEDALE BASSINI DI CINISELLO BALSAMO,45.2238127,10.4121326,45.5465428,9.2143294,0.529,100.3
OSPEDALE DI CARATE BRIANZA,OSPEDALE VALDUCE DI COMO,45.6708272,9.246401,45.6739219,9.1694997,0.528,5.99
PRESIDIO RIABILITATIVO UMBERTO I DI BELLANO,PRESIDIO OSPEDALIERO DI CASALPUSTERLENGO,46.0475515,9.3058267,45.170174,9.6513675,0.526,101.31
OSPEDALE SANTI CAPITANIO E GEROSA DI LOVERE,OSPEDALE BRIOLINI DI GAZZANIGA,45.8191951,10.0757281,45.7949058,9.8295956,0.524,19.29
OSPEDALE SS. ANNUNZIATA DI VARZI,OSPEDALE SANTI CAPITANIO E GEROSA DI LOVERE,44.8253762,9.19025,45.8191951,10.0757281,0.524,130.55
OSPEDALE SS. ANNUNZIATA DI VARZI,PRESIDIO OSPEDALIERO DI GARDONE VAL TROMPIA,44.8253762,9.19025,45.6764749,10.1834946,0.524,122.62
PRESIDIO OSPEDALIERO TRIBANDI PAVONI DI ORZINUOVI,OSPEDALE SS. ANNUNZIATA DI VARZI,45.4017602,9.9265848,44.8253762,9.19025,0.524,86.39
PRESIDIO OSPEDALIERO TRIBANDI PAVONI DI ORZINUOVI,OSPEDALE BRIOLINI DI GAZZANIGA,45.4017602,9.9265848,45.7949058,9.8295956,0.524,44.41
PRESIDIO OSPEDALIERO TRIBANDI PAVONI DI ORZINUOVI,OSPEDALE CARLO MIRA DI CASORATE PRIMO,45.4017602,9.9265848,45.3096335,9.0169085,0.524,71.89
OSPEDALE CARLO MIRA DI CASORATE PRIMO,PRESIDIO OSPEDALIERO DI GARDONE VAL TROMPIA,45.3096335,9.0169085,45.6764749,10.1834946,0.524,99.77
PRESIDIO OSPEDALIERO TRIBANDI PAVONI DI ORZINUOVI,PRESIDIO OSPEDALIERO DI MONTICHIARI,45.4017602,9.9265848,45.4104244,10.4087873,0.52,37.7
OSPEDALE DI CARATE BRIANZA,OSPEDALE BOLOGNINI DI SERIATE,45.6708272,9.246401,45.6832356,9.7181097,0.515,36.72
OSPEDALE DI CARATE BRIANZA,OSPEDALE DI VIMERCATE,45.6708272,9.246401,45.6084744,9.3557814,0.514,10.98
OSPEDALE DI CARATE BRIANZA,OSPEDALE CIVILE DI VOGHERA,45.6708272,9.246401,44.9947405,9.0145707,0.5,77.42
OSPEDALE DI CARATE BRIANZA,OSPEDALE DI TRADATE,45.6708272,9.246401,45.7209096,8.9006895,0.5,27.45
OSPEDALE DI CARATE BRIANZA,OSPEDALE M. O. A. LOCATELLI DI PIARIO,45.6708272,9.246401,45.8875689,9.917053,0.5,57.39
OSPEDALE DI CHIAVENNA,OSPEDALE CIVICO DI CODOGNO,46.3217722,9.3998553,45.1588732,9.7126712,0.5,131.71
OSPEDALE DI CUASSO AL MONTE,EUGENIO MEDEA - POLO SCIENTIFICO DI BOSISIO PARINI,45.9072714,8.8570045,45.7881165,9.2892625,0.5,36.05
OSPEDALE DI CUASSO AL MONTE,INRCA PRESIDIO OSPEDALIERO DI RICERCA DI CASATENOVO,45.9072714,8.8570045,45.6991716,9.2974941,0.5,41.29
OSPEDALE DI CUASSO AL MONTE,VILLA BERETTA DI COSTA MASNAGA,45.9072714,8.8570045,45.7705718,9.2704936,0.5,35.5
OSPEDALE DI LENO,OSPEDALE CIVILE DI ISEO,45.3644372,10.2163471,45.6632271,10.0521706,0.5,35.64
OSPEDALE DI LENO,PRESIDIO OSPEDALIERO DI SANT'ANGELO LODIGIANO,45.3644372,10.2163471,45.202428,9.407352,0.5,65.88
OSPEDALE M. O. A. LOCATELLI DI PIARIO,OSPEDALE CIVILE LA MEMORIA DI GAVARDO,45.8875689,9.917053,45.5929679,10.4417413,0.5,52.32
OSPEDALE UBOLDO DI CERNUSCO SUL NAVIGLIO,PRESIDIO OSPEDALIERO DI GARDONE VAL TROMPIA,45.5231773,9.3281035,45.6764749,10.1834946,0.5,68.77
PRESIDIO OSPEDALIERO DI SANT'ANGELO LODIGIANO,OSPEDALE PESENTI FENAROLI DI ALZANO LOMBARDO,45.202428,9.407352,45.7312984,9.7258139,0.5,63.91
OSPEDALE SANTISSIMA TRINITÀ DI ROMANO DI LOMBARDIA,PRESIDIO OSPEDALIERO DI GARDONE VAL TROMPIA,45.5195324,9.7515752,45.6764749,10.1834946,0.5,37.91
OSPEDALE CIVILE DI SAN GIOVANNI BIANCO,OSPEDALE CIVICO DI CODOGNO,45.8711558,9.6549201,45.1588732,9.7126712,0.5,79.42
PRESIDIO OSPEDALIERO DI CASALPUSTERLENGO,PRESIDIO OSPEDALIERO ERBA-RENALDI DI MENAGGIO,45.170174,9.6513675,46.0181675,9.2290731,0.5,99.96
OSPEDALE SANTA MARTA DI RIVOLTA D'ADDA,OSPEDALE ASILO VITTORIA DI MORTARA,45.4692407,9.5149233,45.2509063,8.751228,0.5,64.49
OSPEDALE SS. ANNUNZIATA DI VARZI,OSPEDALE CAUSA PIA LUVINI DI CITTIGLIO,44.8253762,9.19025,45.8936971,8.6681189,0.5,125.74
OSPEDALE SS. ANNUNZIATA DI VARZI,OSPEDALE CARLO MIRA DI CASORATE PRIMO,44.8253762,9.19025,45.3096335,9.0169085,0.5,55.6
PRESIDIO OSPEDALIERO TERRITORIALE (POT) DI MORBEGNO,OSPEDALE DI CHIAVENNA,46.133897,9.5740462,46.3217722,9.3998553,0.5,24.85
PRESIDIO RIABILITATIVO MULTIFUNZIONALE DON PRIMO MAZZOLARI DI BOZZOLO,OSPEDALE DI VIADANA,45.1025433,10.4780175,44.926087,10.5223688,0.5,19.95
PRESIDIO RIABILITATIVO MULTIFUNZIONALE DON PRIMO MAZZOLARI DI BOZZOLO,OSPEDALE VILLA DEI COLLI DI LONATO DEL GARDA,45.1025433,10.4780175,45.4571342,10.4958144,0.5,39.5
PRESIDIO RIABILITATIVO MULTIFUNZIONALE DON PRIMO MAZZOLARI DI BOZZOLO,VILLA BERETTA DI COSTA MASNAGA,45.1025433,10.4780175,45.7705718,9.2704936,0.5,120.11
PRESIDIO RIABILITATIVO UMBERTO I DI BELLANO,OSPEDALE SAN MARTINO DI MEDE,46.0475515,9.3058267,45.0923474,8.7315943,0.5,115.36
PRESIDIO RIABILITATIVO UMBERTO I DI BELLANO,OSPEDALE CIVILE DI SALÒ,46.0475515,9.3058267,45.6051758,10.5223809,0.5,106.44
PRESIDIO RIABILITATIVO UMBERTO I DI BELLANO,PRESIDIO OSPEDALIERO ERBA-RENALDI DI MENAGGIO,46.0475515,9.3058267,46.0181675,9.2290731,0.5,6.77
OSPEDALE CIVILE DI VOLTA MANTOVANA,G.B. MANGIONI HOSPITAL DI LECCO - GVM CARE & RESEARCH,45.3252536,10.6578651,45.6768906,9.4438072,0.484,102.49
OSPEDALE UBOLDO DI CERNUSCO SUL NAVIGLIO,OSPEDALE BOLOGNINI DI SERIATE,45.5231773,9.3281035,45.6832356,9.7181097,0.484,35.21
OSPEDALE CIVILE DI VOLTA MANTOVANA,IRCCS SANTA MARIA NASCENTE DI MILANO - FONDAZIONE DON CARLO GNOCCHI,45.3252536,10.6578651,45.4741397,9.1259062,0.481,120.88
OSPEDALE SANTI CAPITANIO E GEROSA DI LOVERE,OSPEDALE PESENTI FENAROLI DI ALZANO LOMBARDO,45.8191951,10.0757281,45.7312984,9.7258139,0.481,28.88
OSPEDALE DI LENO,OSPEDALE PESENTI FENAROLI DI ALZANO LOMBARDO,45.3644372,10.2163471,45.7312984,9.7258139,0.478,55.95
OSPEDALE DI LENO,PRESIDIO OSPEDALIERO ERBA-RENALDI DI MENAGGIO,45.3644372,10.2163471,46.0181675,9.2290731,0.476,105.78
PRESIDIO RIABILITATIVO UMBERTO I DI BELLANO,PRESIDIO OSPEDALIERO DI MONTICHIARI,46.0475515,9.3058267,45.4104244,10.4087873,0.476,111.25
NUOVO OSPEDALE DI BRONI E STRADELLA,OSPEDALE M. O. A. LOCATELLI DI PIARIO,45.0775802,9.2872794,45.8875689,9.917053,0.476,102.69
OSPEDALE DI CHIAVENNA,OSPEDALE SANTISSIMA TRINITÀ DI ROMANO DI LOMBARDIA,46.3217722,9.3998553,45.5195324,9.7515752,0.474,93.37
OSPEDALE DI LENO,PRESIDIO OSPEDALIERO DI GARDONE VAL TROMPIA,45.3644372,10.2163471,45.6764749,10.1834946,0.474,34.83
OSPEDALE CIVICO DI CODOGNO,OSPEDALE UBOLDO DI CERNUSCO SUL NAVIGLIO,45.1588732,9.7126712,45.5231773,9.3281035,0.474,50.5
OSPEDALE SANTI CAPITANIO E GEROSA DI LOVERE,IRCCS OSPEDALE GALEAZZI - SANT'AMBROGIO DI MILANO - GRUPPO SAN DONATO,45.8191951,10.0757281,45.5224116,9.0961509,0.472,83.05
PRESIDIO RIABILITATIVO UMBERTO I DI BELLANO,OSPEDALE CARLO MIRA DI CASORATE PRIMO,46.0475515,9.3058267,45.3096335,9.0169085,0.471,85.16
OSPEDALE CIVILE DI VOLTA MANTOVANA,IRCCS MAUGERI MONTESCANO,45.3252536,10.6578651,45.0325518,9.2818479,0.469,112.78
OSPEDALE CIVILE DI SAN GIOVANNI BIANCO,OSPEDALE SANTISSIMA TRINITÀ DI ROMANO DI LOMBARDIA,45.8711558,9.6549201,45.5195324,9.7515752,0.467,39.86
NUOVO OSPEDALE DI BRONI E STRADELLA,OSPEDALE CIVILE LA MEMORIA DI GAVARDO,45.0775802,9.2872794,45.5929679,10.4417413,0.464,107.02
OSPEDALE DI CHIAVENNA,OSPEDALE SANT'ANTONIO ABATE DI CANTÙ,46.3217722,9.3998553,45.7371258,9.1450853,0.464,68.0
OSPEDALE DI CHIAVENNA,OSPEDALE DI CARATE BRIANZA,46.3217722,9.3998553,45.6708272,9.246401,0.458,73.43
OSPEDALE BRIOLINI DI GAZZANIGA,PRESIDIO OSPEDALIERO DI GARDONE VAL TROMPIA,45.7949058,9.8295956,45.6764749,10.1834946,0.455,30.49
OSPEDALE CIVILE DI VOLTA MANTOVANA,FONDAZIONE ISTITUTO NEUROLOGICO MONDINO DI PAVIA,45.3252536,10.6578651,45.2025868,9.1409644,0.455,119.63
OSPEDALE CIVILE DI SAN GIOVANNI BIANCO,OSPEDALE LUINI CONFALONIERI DI LUINO,45.8711558,9.6549201,45.9958582,8.7457533,0.455,71.74
PRESIDIO SOCIO SANITARIO TERRITORIALE DI GORGONZOLA,OSPEDALE CIVILE DI SAN GIOVANNI BIANCO,45.53464,9.4134439,45.8711558,9.6549201,0.455,41.9
OSPEDALE SANTI BENEDETTO E GELTRUDE DI CUGGIONO,PRESIDIO OSPEDALIERO DI SANT'ANGELO LODIGIANO,45.5096917,8.8223357,45.202428,9.407352,0.455,57.13
PRESIDIO RIABILITATIVO UMBERTO I DI BELLANO,OSPEDALE CIVILE DI ISEO,46.0475515,9.3058267,45.6632271,10.0521706,0.455,71.96
OSPEDALE SANTA MARTA DI RIVOLTA D'ADDA,OSPEDALE LUINI CONFALONIERI DI LUINO,45.4692407,9.5149233,45.9958582,8.7457533,0.444,83.72
OSPEDALE ZAPPATONI DI CASSANO D'ADDA,OSPEDALE DI SEREGNO,45.5158233,9.5095252,45.6536061,9.2055584,0.444,28.21
OSPEDALE CADUTI BOLLATESI,OSPEDALE CIVICO DI CODOGNO,45.5406626,9.1170806,45.1588732,9.7126712,0.444,63.07
OSPEDALE CROTTA OLTROCCHI DI VAPRIO D'ADDA,FONDAZIONE IRCCS ISTITUTO NEUROLOGICO CARLO BESTA DI MILANO,45.5744985,9.5273923,45.4771328,9.230656,0.444,25.55
OSPEDALE CIVICO DI CODOGNO,OSPEDALE CARLO ONDOLI DI ANGERA,45.1588732,9.7126712,45.7755978,8.579008,0.444,112.01
OSPEDALE BRIOLINI DI GAZZANIGA,AUXOLOGICO MOSÈ BIANCHI DI MILANO,45.7949058,9.8295956,45.4750186,9.1460516,0.441,64.02
OSPEDALE CIVILE DI VOLTA MANTOVANA,IRCCS MAUGERI CASTEL GOFFREDO,45.3252536,10.6578651,45.3013083,10.4785441,0.441,14.29
OSPEDALE CIVILE DI VOLTA MANTOVANA,IRCCS MAUGERI MILANO,45.3252536,10.6578651,45.4366643,9.2643822,0.441,109.66
OSPEDALE DI CHIAVENNA,OSPEDALE OGLIO PO DI CASALMAGGIORE,46.3217722,9.3998553,44.9732538,10.457108,0.44,171.18
NUOVO OSPEDALE DI BRONI E STRADELLA,OSPEDALE OGLIO PO DI CASALMAGGIORE,45.0775802,9.2872794,44.9732538,10.457108,0.44,92.77
OSPEDALE CIVILE DI SALÒ,OSPEDALE CARLO MIRA DI CASORATE PRIMO,45.6051758,10.5223809,45.3096335,9.0169085,0.438,122.07
OSPEDALE DI CHIAVENNA,OSPEDALE SANTA MARIA DELLE STELLE DI MELZO,46.3217722,9.3998553,45.5077088,9.4276112,0.435,90.65
OSPEDALE CIVICO DI CODOGNO,OSPEDALE OGLIO PO DI CASALMAGGIORE,45.1588732,9.7126712,44.9732538,10.457108,0.435,62.07
OSPEDALE CADUTI BOLLATESI,OSPEDALE CIVILE DI VIGEVANO,45.5406626,9.1170806,45.3223336,8.8702814,0.433,31.02
OSPEDALE CADUTI BOLLATESI,OSPEDALE UBOLDO DI CERNUSCO SUL NAVIGLIO,45.5406626,9.1170806,45.5231773,9.3281035,0.429,16.57
OSPEDALE CADUTI BOLLATESI,OSPEDALE CIVILE LA MEMORIA DI GAVARDO,45.5406626,9.1170806,45.5929679,10.4417413,0.429,103.4
NUOVO OSPEDALE DI BRONI E STRADELLA,OSPEDALE CIVILE DESTRA SECCHIA DI PIEVE DI CORIANO,45.0775802,9.2872794,45.035801,11.1173373,0.429,143.98
OSPEDALE SANTISSIMA TRINITÀ DI ROMANO DI LOMBARDIA,OSPEDALE DI EDOLO,45.5195324,9.7515752,46.1787559,10.3311868,0.429,86.05
OSPEDALE SANTA MARTA DI RIVOLTA D'ADDA,OSPEDALE PASSI DI CALCINATE,45.4692407,9.5149233,45.6205428,9.7974627,0.429,27.73
OSPEDALE SANTA MARTA DI RIVOLTA D'ADDA,INRCA PRESIDIO OSPEDALIERO DI RICERCA DI CASATENOVO,45.4692407,9.5149233,45.6991716,9.2974941,0.429,30.69
OSPEDALE SANTA MARTA DI RIVOLTA D'ADDA,VILLA BERETTA DI COSTA MASNAGA,45.4692407,9.5149233,45.7705718,9.2704936,0.429,38.57
OSPEDALE VILLA DEI COLLI DI LONATO DEL GARDA,OSPEDALE DI SOMMA LOMBARDO,45.4571342,10.4958144,45.6839101,8.7145644,0.429,141.08
OSPEDALE BRIOLINI DI GAZZANIGA,IRCCS SANTA MARIA NASCENTE DI MILANO - FONDAZIONE DON CARLO GNOCCHI,45.7949058,9.8295956,45.4741397,9.1259062,0.429,65.38
OSPEDALE BRIOLINI DI GAZZANIGA,IRCCS MAUGERI TRADATE,45.7949058,9.8295956,45.7181672,8.9100975,0.429,71.92
OSPEDALE BRIOLINI DI GAZZANIGA,OSPEDALE CARLO MIRA DI CASORATE PRIMO,45.7949058,9.8295956,45.3096335,9.0169085,0.429,83.26
OSPEDALE CIVILE DI VOLTA MANTOVANA,IRCCS MAUGERI TRADATE,45.3252536,10.6578651,45.7181672,8.9100975,0.429,143.16
OSPEDALE DI CHIAVENNA,NUOVO OSPEDALE DI BRONI E STRADELLA,46.3217722,9.3998553,45.0775802,9.2872794,0.429,138.78
OSPEDALE BRIOLINI DI GAZZANIGA,IRCCS MAUGERI MONTESCANO,45.7949058,9.8295956,45.0325518,9.2818479,0.424,95.05
OSPEDALE DI CHIAVENNA,OSPEDALE CIVILE DI ISEO,46.3217722,9.3998553,45.6632271,10.0521706,0.423,88.99
OSPEDALE CIVILE DI SALÒ,PRESIDIO OSPEDALIERO DI SANT'ANGELO LODIGIANO,45.6051758,10.5223809,45.202428,9.407352,0.421,98.0
OSPEDALE SANTISSIMA TRINITÀ DI ROMANO DI LOMBARDIA,OSPEDALE CARLO ONDOLI DI ANGERA,45.5195324,9.7515752,45.7755978,8.579008,0.421,95.6
OSPEDALE CADUTI BOLLATESI,OSPEDALE BOLOGNINI DI SERIATE,45.5406626,9.1170806,45.6832356,9.7181097,0.419,49.42
OSPEDALE SANTI BENEDETTO E GELTRUDE DI CUGGIONO,OSPEDALE OGLIO PO DI CASALMAGGIORE,45.5096917,8.8223357,44.9732538,10.457108,0.417,141.37
OSPEDALE DI CHIAVENNA,OSPEDALE C. CANTÙ,46.3217722,9.3998553,45.3952874,8.9143774,0.412,109.79
OSPEDALE SANTI BENEDETTO E GELTRUDE DI CUGGIONO,OSPEDALE CAUSA PIA LUVINI DI CITTIGLIO,45.5096917,8.8223357,45.8936971,8.6681189,0.409,44.4
OSPEDALE CADUTI BOLLATESI,PRESIDIO OSPEDALIERO DI GARDONE VAL TROMPIA,45.5406626,9.1170806,45.6764749,10.1834946,0.409,84.41
OSPEDALE CADUTI BOLLATESI,OSPEDALE CIVILE DI VOGHERA,45.5406626,9.1170806,44.9947405,9.0145707,0.406,61.3
OSPEDALE CADUTI BOLLATESI,OSPEDALE DI GALLARATE,45.5406626,9.1170806,45.6566835,8.7919663,0.406,28.43
OSPEDALE FILIPPO DEL PONTE DI VARESE,OSPEDALE CARLO ONDOLI DI ANGERA,45.816558,8.8339512,45.7755978,8.579008,0.4,20.31
OSPEDALE MACEDONIO MELLONI DI MILANO,OSPEDALE CARLO ONDOLI DI ANGERA,45.4665671,9.2190836,45.7755978,8.579008,0.4,60.55
OSPEDALE VILLA DEI COLLI DI LONATO DEL GARDA,IRCCS ISTITUTO CENTRO SAN GIOVANNI DI DIO FATEBENEFRATELLI DI BRESCIA,45.4571342,10.4958144,45.5223896,10.2020833,0.4,24.05
OSPEDALE ZAPPATONI DI CASSANO D'ADDA,OSPEDALE CIVILE DI VOLTA MANTOVANA,45.5158233,9.5095252,45.3252536,10.6578651,0.4,92.2
OSPEDALE ZAPPATONI DI CASSANO D'ADDA,OSPEDALE BRIOLINI DI GAZZANIGA,45.5158233,9.5095252,45.7949058,9.8295956,0.4,39.82
PRESIDIO RIABILITATIVO MULTIFUNZIONALE DON PRIMO MAZZOLARI DI BOZZOLO,OSPEDALE DI CUASSO AL MONTE,45.1025433,10.4780175,45.9072714,8.8570045,0.4,154.98
OSPEDALE SANTI BENEDETTO E GELTRUDE DI CUGGIONO,PRESIDIO OSPEDALIERO DI CASALPUSTERLENGO,45.5096917,8.8223357,45.170174,9.6513675,0.391,75.08
PRESIDIO OSPEDALIERO TERRITORIALE (POT) DI MORBEGNO,OSPEDALE SANTISSIMA TRINITÀ DI ROMANO DI LOMBARDIA,46.133897,9.5740462,45.5195324,9.7515752,0.389,69.76
OSPEDALE C. CANTÙ,OSPEDALE M. O. A. LOCATELLI DI PIARIO,45.3952874,8.9143774,45.8875689,9.917053,0.389,95.36
OSPEDALE CIVILE DI SALÒ,PRESIDIO OSPEDALIERO DI GARDONE VAL TROMPIA,45.6051758,10.5223809,45.6764749,10.1834946,0.389,27.54
OSPEDALE SANTISSIMA TRINITÀ DI ROMANO DI LOMBARDIA,OSPEDALE CIVICO DI CODOGNO,45.5195324,9.7515752,45.1588732,9.7126712,0.389,40.26
OSPEDALE ASILO VITTORIA DI MORTARA,OSPEDALE M. O. A. LOCATELLI DI PIARIO,45.2509063,8.751228,45.8875689,9.917053,0.389,115.22
OSPEDALE ASILO VITTORIA DI MORTARA,OSPEDALE CIVILE DI SAN GIOVANNI BIANCO,45.2509063,8.751228,45.8711558,9.6549201,0.385,98.63
OSPEDALE SANTI BENEDETTO E GELTRUDE DI CUGGIONO,OSPEDALE PESENTI FENAROLI DI ALZANO LOMBARDO,45.5096917,8.8223357,45.7312984,9.7258139,0.385,74.54
PRESIDIO OSPEDALIERO TERRITORIALE (POT) DI MORBEGNO,OSPEDALE DI SOMMA LOMBARDO,46.133897,9.5740462,45.6839101,8.7145644,0.385,83.31
OSPEDALE SANTI BENEDETTO E GELTRUDE DI CUGGIONO,OSPEDALE M. O. A. LOCATELLI DI PIARIO,45.5096917,8.8223357,45.8875689,9.917053,0.381,94.94
OSPEDALE DEI BAMBINI DI BRESCIA,OSPEDALE CARLO ONDOLI DI ANGERA,45.5482864,10.22973,45.7755978,8.579008,0.381,130.89
VILLA BERETTA DI COSTA MASNAGA,OSPEDALE DI EDOLO,45.7705718,9.2704936,46.1787559,10.3311868,0.375,93.8
OSPEDALE DEI BAMBINI VITTORE BUZZI DI MILANO,OSPEDALE CIVILE LA MEMORIA DI GAVARDO,45.4862164,9.1667758,45.5929679,10.4417413,0.375,100.12
OSPEDALE DEI BAMBINI VITTORE BUZZI DI MILANO,OSPEDALE DEI BAMBINI DI BRESCIA,45.4862164,9.1667758,45.5482864,10.22973,0.375,83.2
OSPEDALE ASILO VITTORIA DI MORTARA,OSPEDALE SANTISSIMA TRINITÀ DI ROMANO DI LOMBARDIA,45.2509063,8.751228,45.5195324,9.7515752,0.375,83.73
OSPEDALE PASSI DI CALCINATE,OSPEDALE LUINI CONFALONIERI DI LUINO,45.6205428,9.7974627,45.9958582,8.7457533,0.375,91.68
OSPEDALE PASSI DI CALCINATE,OSPEDALE DI EDOLO,45.6205428,9.7974627,46.1787559,10.3311868,0.375,74.64
OSPEDALE SANTA MARTA DI RIVOLTA D'ADDA,OSPEDALE DI CUASSO AL MONTE,45.4692407,9.5149233,45.9072714,8.8570045,0.375,70.68
OSPEDALE SANTI BENEDETTO E GELTRUDE DI CUGGIONO,OSPEDALE DI ASOLA,45.5096917,8.8223357,45.2238127,10.4121326,0.375,128.34
OSPEDALE ZAPPATONI DI CASSANO D'ADDA,OSPEDALE DI CUASSO AL MONTE,45.5158233,9.5095252,45.9072714,8.8570045,0.375,66.87
PRESIDIO OSPEDALIERO GAETANO PINI,IRCCS OSPEDALE GALEAZZI - SANT'AMBROGIO DI MILANO - GRUPPO SAN DONATO,45.4548291,9.1932673,45.5224116,9.0961509,0.372,10.68
OSPEDALE SANTI BENEDETTO E GELTRUDE DI CUGGIONO,OSPEDALE DI ESINE,45.5096917,8.8223357,45.926174,10.2469473,0.37,120.04
OSPEDALE DEI BAMBINI VITTORE BUZZI DI MILANO,OSPEDALE PESENTI FENAROLI DI ALZANO LOMBARDO,45.4862164,9.1667758,45.7312984,9.7258139,0.367,51.38
OSPEDALE CIVILE DI SALÒ,OSPEDALE CIVILE DI ISEO,45.6051758,10.5223809,45.6632271,10.0521706,0.364,37.17
OSPEDALE C. CANTÙ,OSPEDALE DI SOMMA LOMBARDO,45.3952874,8.9143774,45.6839101,8.7145644,0.364,35.71
OSPEDALE C. CANTÙ,OSPEDALE OGLIO PO DI CASALMAGGIORE,45.3952874,8.9143774,44.9732538,10.457108,0.364,129.84
OSPEDALE SANTI BENEDETTO E GELTRUDE DI CUGGIONO,OSPEDALE SAN MARTINO DI MEDE,45.5096917,8.8223357,45.0923474,8.7315943,0.364,47.0
OSPEDALE ZAPPATONI DI CASSANO D'ADDA,OSPEDALE G. CASATI DI PASSIRANA,45.5158233,9.5095252,45.5472659,9.0452167,0.364,36.38
PRESIDIO OSPEDALIERO TERRITORIALE (POT) DI MORBEGNO,OSPEDALE DI SEREGNO,46.133897,9.5740462,45.6536061,9.2055584,0.357,60.61
OSPEDALE C. CANTÙ,OSPEDALE MACEDONIO MELLONI DI MILANO,45.3952874,8.9143774,45.4665671,9.2190836,0.353,25.09
OSPEDALE DEI BAMBINI VITTORE BUZZI DI MILANO,OSPEDALE MAGGIORE DI CREMA,45.4862164,9.1667758,45.3545923,9.6810901,0.351,42.77
OSPEDALE DEI BAMBINI VITTORE BUZZI DI MILANO,OSPEDALE DI CIRCOLO DI BUSTO ARSIZIO,45.4862164,9.1667758,45.623062,8.8474527,0.35,29.18
OSPEDALE DEI BAMBINI VITTORE BUZZI DI MILANO,PRESIDIO OSPEDALIERO DI GARDONE VAL TROMPIA,45.4862164,9.1667758,45.6764749,10.1834946,0.346,82.0
PRESIDIO SOCIO SANITARIO TERRITORIALE DI GORGONZOLA,OSPEDALE SANTISSIMA TRINITÀ DI ROMANO DI LOMBARDIA,45.53464,9.4134439,45.5195324,9.7515752,0.333,26.42
PRESIDIO SOCIO SANITARIO TERRITORIALE DI GORGONZOLA,PRESIDIO OSPEDALIERO DI GARDONE VAL TROMPIA,45.53464,9.4134439,45.6764749,10.1834946,0.333,62.01
INRCA PRESIDIO OSPEDALIERO DI RICERCA DI CASATENOVO,VILLA BERETTA DI COSTA MASNAGA,45.6991716,9.2974941,45.7705718,9.2704936,0.333,8.22
PRESIDIO OSPEDALIERO CTO,IRCCS SANTA MARIA NASCENTE DI MILANO - FONDAZIONE DON CARLO GNOCCHI,45.5257391,9.2139846,45.4741397,9.1259062,0.333,8.96
PRESIDIO OSPEDALIERO CTO,FONDAZIONE ISTITUTO NEUROLOGICO MONDINO DI PAVIA,45.5257391,9.2139846,45.2025868,9.1409644,0.333,36.42
OSPEDALE CARLO BORRELLA DI GIUSSANO,OSPEDALE LUINI CONFALONIERI DI LUINO,45.6911923,9.2079267,45.9958582,8.7457533,0.333,49.34
OSPEDALE CARLO BORRELLA DI GIUSSANO,OSPEDALE DI EDOLO,45.6911923,9.2079267,46.1787559,10.3311868,0.333,102.51
OSPEDALE CROTTA OLTROCCHI DI VAPRIO D'ADDA,OSPEDALE LUINI CONFALONIERI DI LUINO,45.5744985,9.5273923,45.9958582,8.7457533,0.333,76.69
OSPEDALE CROTTA OLTROCCHI DI VAPRIO D'ADDA,OSPEDALE DI EDOLO,45.5744985,9.5273923,46.1787559,10.3311868,0.333,91.68
OSPEDALE DI CUASSO AL MONTE,OSPEDALE BRIOLINI DI GAZZANIGA,45.9072714,8.8570045,45.7949058,9.8295956,0.333,76.44
OSPEDALE DI CUASSO AL MONTE,OSPEDALE DI EDOLO,45.9072714,8.8570045,46.1787559,10.3311868,0.333,117.85
OSPEDALE DI CUASSO AL MONTE,OSPEDALE DI SEREGNO,45.9072714,8.8570045,45.6536061,9.2055584,0.333,39.11
OSPEDALE PASSI DI CALCINATE,INRCA PRESIDIO OSPEDALIERO DI RICERCA DI CASATENOVO,45.6205428,9.7974627,45.6991716,9.2974941,0.333,39.87
OSPEDALE PASSI DI CALCINATE,VILLA BERETTA DI COSTA MASNAGA,45.6205428,9.7974627,45.7705718,9.2704936,0.333,44.25
OSPEDALE SANTA MARTA DI RIVOLTA D'ADDA,OSPEDALE CAUSA PIA LUVINI DI CITTIGLIO,45.4692407,9.5149233,45.8936971,8.6681189,0.333,81.05
OSPEDALE VILLA DEI COLLI DI LONATO DEL GARDA,EUGENIO MEDEA - POLO SCIENTIFICO DI BOSISIO PARINI,45.4571342,10.4958144,45.7881165,9.2892625,0.333,100.9
OSPEDALE ZAPPATONI DI CASSANO D'ADDA,OSPEDALE DI SOMMA LOMBARDO,45.5158233,9.5095252,45.6839101,8.7145644,0.333,64.68
PRESIDIO OSPEDALIERO TERRITORIALE (POT) DI MORBEGNO,OSPEDALE BASSINI DI CINISELLO BALSAMO,46.133897,9.5740462,45.5465428,9.2143294,0.333,71.09
PRESIDIO RIABILITATIVO MULTIFUNZIONALE DON PRIMO MAZZOLARI DI BOZZOLO,OSPEDALE ZAPPATONI DI CASSANO D'ADDA,45.1025433,10.4780175,45.5158233,9.5095252,0.333,88.69
PRESIDIO RIABILITATIVO MULTIFUNZIONALE DON PRIMO MAZZOLARI DI BOZZOLO,OSPEDALE DI SOMMA LOMBARDO,45.1025433,10.4780175,45.6839101,8.7145644,0.333,152.28
PRESIDIO OSPEDALIERO TERRITORIALE (POT) DI MORBEGNO,PRESIDIO OSPEDALIERO DI GARBAGNATE MILANESE,46.133897,9.5740462,45.5831666,9.094637,0.324,71.69
PRESIDIO OSPEDALIERO TERRITORIALE (POT) DI MORBEGNO,OSPEDALE DI SONDALO,46.133897,9.5740462,46.3350811,10.3235468,0.324,61.9
OSPEDALE FILIPPO DEL PONTE DI VARESE,OSPEDALE DEI BAMBINI DI BRESCIA,45.816558,8.8339512,45.5482864,10.22973,0.318,112.58
PRESIDIO OSPEDALIERO TERRITORIALE (POT) DI MORBEGNO,OSPEDALE C. CANTÙ,46.133897,9.5740462,45.3952874,8.9143774,0.313,96.87
PRESIDIO OSPEDALIERO TERRITORIALE (POT) DI MORBEGNO,OSPEDALE ASILO VITTORIA DI MORTARA,46.133897,9.5740462,45.2509063,8.751228,0.313,117.28
PRESIDIO SOCIO SANITARIO TERRITORIALE DI GORGONZOLA,OSPEDALE CARLO ONDOLI DI ANGERA,45.53464,9.4134439,45.7755978,8.579008,0.313,70.25
OSPEDALE CROTTA OLTROCCHI DI VAPRIO D'ADDA,OSPEDALE UBOLDO DI CERNUSCO SUL NAVIGLIO,45.5744985,9.5273923,45.5231773,9.3281035,0.313,16.55
OSPEDALE CROTTA OLTROCCHI DI VAPRIO D'ADDA,OSPEDALE CIVICO DI CODOGNO,45.5744985,9.5273923,45.1588732,9.7126712,0.308,48.48
OSPEDALE ZAPPATONI DI CASSANO D'ADDA,OSPEDALE DI LENO,45.5158233,9.5095252,45.3644372,10.2163471,0.308,57.72
OSPEDALE CARLO BORRELLA DI GIUSSANO,OSPEDALE CIVICO DI CODOGNO,45.6911923,9.2079267,45.1588732,9.7126712,0.308,71.18
PRESIDIO OSPEDALIERO CTO,OSPEDALE CARLO MIRA DI CASORATE PRIMO,45.5257391,9.2139846,45.3096335,9.0169085,0.308,28.56
PRESIDIO OSPEDALIERO TERRITORIALE (POT) DI MORBEGNO,OSPEDALE SANTA MARIA DELLE STELLE DI MELZO,46.133897,9.5740462,45.5077088,9.4276112,0.304,70.63
OSPEDALE PASSI DI CALCINATE,OSPEDALE ASILO VITTORIA DI MORTARA,45.6205428,9.7974627,45.2509063,8.751228,0.3,91.5
OSPEDALE SANTA MARTA DI RIVOLTA D'ADDA,OSPEDALE DI EDOLO,45.4692407,9.5149233,46.1787559,10.3311868,0.3,101.23
OSPEDALE VILLA DEI COLLI DI LONATO DEL GARDA,OSPEDALE G. CASATI DI PASSIRANA,45.4571342,10.4958144,45.5472659,9.0452167,0.3,113.62
OSPEDALE ZAPPATONI DI CASSANO D'ADDA,PRESIDIO SOCIO SANITARIO TERRITORIALE DI GORGONZOLA,45.5158233,9.5095252,45.53464,9.4134439,0.3,7.78
OSPEDALE G. CASATI DI PASSIRANA,INRCA PRESIDIO OSPEDALIERO DI RICERCA DI CASATENOVO,45.5472659,9.0452167,45.6991716,9.2974941,0.3,25.92
EUGENIO MEDEA - POLO SCIENTIFICO DI BOSISIO PARINI,OSPEDALE ASILO VITTORIA DI MORTARA,45.7881165,9.2892625,45.2509063,8.751228,0.3,73.06
OSPEDALE DI SOMMA LOMBARDO,OSPEDALE DI EDOLO,45.6839101,8.7145644,46.1787559,10.3311868,0.3,136.75
PRESIDIO OSPEDALIERO CTO,OSPEDALE DI ERBA - LIFENET HEALTHCARE,45.5257391,9.2139846,45.8154509,9.2248286,0.297,32.26
OSPEDALE SANTA MARTA DI RIVOLTA D'ADDA,OSPEDALE M. O. A. LOCATELLI DI PIARIO,45.4692407,9.5149233,45.8875689,9.917053,0.294,56.1
PRESIDIO OSPEDALIERO CTO,IRCCS MAUGERI MILANO,45.5257391,9.2139846,45.4366643,9.2643822,0.293,10.67
OSPEDALE PASSI DI CALCINATE,OSPEDALE DI CUASSO AL MONTE,45.6205428,9.7974627,45.9072714,8.8570045,0.286,79.7
OSPEDALE VILLA DEI COLLI DI LONATO DEL GARDA,OSPEDALE DI CUASSO AL MONTE,45.4571342,10.4958144,45.9072714,8.8570045,0.286,136.95
OSPEDALE VILLA DEI COLLI DI LONATO DEL GARDA,OSPEDALE CROTTA OLTROCCHI DI VAPRIO D'ADDA,45.4571342,10.4958144,45.5744985,9.5273923,0.286,76.66
PRESIDIO RIABILITATIVO MULTIFUNZIONALE DON PRIMO MAZZOLARI DI BOZZOLO,PRESIDIO SOCIO SANITARIO TERRITORIALE DI GORGONZOLA,45.1025433,10.4780175,45.53464,9.4134439,0.286,96.22
PRESIDIO RIABILITATIVO MULTIFUNZIONALE DON PRIMO MAZZOLARI DI BOZZOLO,OSPEDALE DI EDOLO,45.1025433,10.4780175,46.1787559,10.3311868,0.286,120.35
PRESIDIO RIABILITATIVO MULTIFUNZIONALE DON PRIMO MAZZOLARI DI BOZZOLO,OSPEDALE DI SEREGNO,45.1025433,10.4780175,45.6536061,9.2055584,0.286,116.89
OSPEDALE CROTTA OLTROCCHI DI VAPRIO D'ADDA,VILLA BERETTA DI COSTA MASNAGA,45.5744985,9.5273923,45.7705718,9.2704936,0.286,29.59
PRESIDIO OSPEDALIERO GAETANO PINI,OSPEDALE BASSINI DI CINISELLO BALSAMO,45.4548291,9.1932673,45.5465428,9.2143294,0.279,10.34
PRESIDIO OSPEDALIERO GAETANO PINI,HUMANITAS RESEARCH HOSPITAL DI ROZZANO,45.4548291,9.1932673,45.3724816,9.1676657,0.279,9.38
OSPEDALE CROTTA OLTROCCHI DI VAPRIO D'ADDA,OSPEDALE SANTA MARIA DELLE STELLE DI MELZO,45.5744985,9.5273923,45.5077088,9.4276112,0.278,10.76
OSPEDALE CROTTA OLTROCCHI DI VAPRIO D'ADDA,OSPEDALE ASILO VITTORIA DI MORTARA,45.5744985,9.5273923,45.2509063,8.751228,0.273,70.54
OSPEDALE CROTTA OLTROCCHI DI VAPRIO D'ADDA,OSPEDALE CIVILE DI SAN GIOVANNI BIANCO,45.5744985,9.5273923,45.8711558,9.6549201,0.273,34.48
OSPEDALE G. CASATI DI PASSIRANA,PRESIDIO OSPEDALIERO DI SANT'ANGELO LODIGIANO,45.5472659,9.0452167,45.202428,9.407352,0.273,47.7
OSPEDALE G. CASATI DI PASSIRANA,PRESIDIO OSPEDALIERO DI CASALPUSTERLENGO,45.5472659,9.0452167,45.170174,9.6513675,0.273,63.33
OSPEDALE CARLO BORRELLA DI GIUSSANO,OSPEDALE CARLO ONDOLI DI ANGERA,45.6911923,9.2079267,45.7755978,8.579008,0.267,49.76
INRCA PRESIDIO OSPEDALIERO DI RICERCA DI CASATENOVO,OSPEDALE CARLO MIRA DI CASORATE PRIMO,45.6991716,9.2974941,45.3096335,9.0169085,0.267,48.58
OSPEDALE G. CASATI DI PASSIRANA,IRCCS SANTA MARIA NASCENTE DI MILANO - FONDAZIONE DON CARLO GNOCCHI,45.5472659,9.0452167,45.4741397,9.1259062,0.259,10.29
OSPEDALE PASSI DI CALCINATE,OSPEDALE DI SOMMA LOMBARDO,45.6205428,9.7974627,45.6839101,8.7145644,0.25,84.56
OSPEDALE VILLA DEI COLLI DI LONATO DEL GARDA,OSPEDALE SANTA MARTA DI RIVOLTA D'ADDA,45.4571342,10.4958144,45.4692407,9.5149233,0.25,76.6
OSPEDALE VILLA DEI COLLI DI LONATO DEL GARDA,OSPEDALE DI VIADANA,45.4571342,10.4958144,44.926087,10.5223688,0.25,59.15
OSPEDALE DI VIADANA,EUGENIO MEDEA - POLO SCIENTIFICO DI BOSISIO PARINI,44.926087,10.5223688,45.7881165,9.2892625,0.25,136.06
OSPEDALE DI VIADANA,VILLA BERETTA DI COSTA MASNAGA,44.926087,10.5223688,45.7705718,9.2704936,0.25,135.75
EUGENIO MEDEA - POLO SCIENTIFICO DI BOSISIO PARINI,FONDAZIONE ISTITUTO NEUROLOGICO MONDINO DI PAVIA,45.7881165,9.2892625,45.2025868,9.1409644,0.235,66.2
OSPEDALE CARLO BORRELLA DI GIUSSANO,OSPEDALE UBOLDO DI CERNUSCO SUL NAVIGLIO,45.6911923,9.2079267,45.5231773,9.3281035,0.235,20.91
OSPEDALE CARLO BORRELLA DI GIUSSANO,PRESIDIO OSPEDALIERO DI GARDONE VAL TROMPIA,45.6911923,9.2079267,45.6764749,10.1834946,0.222,75.89
INRCA PRESIDIO OSPEDALIERO DI RICERCA DI CASATENOVO,OSPEDALE LUINI CONFALONIERI DI LUINO,45.6991716,9.2974941,45.9958582,8.7457533,0.222,54.05
PRESIDIO RIABILITATIVO MULTIFUNZIONALE DON PRIMO MAZZOLARI DI BOZZOLO,OSPEDALE G. CASATI DI PASSIRANA,45.1025433,10.4780175,45.5472659,9.0452167,0.222,122.58
IRCCS ISTITUTO CENTRO SAN GIOVANNI DI DIO FATEBENEFRATELLI DI BRESCIA,OSPEDALE G. CASATI DI PASSIRANA,45.5223896,10.2020833,45.5472659,9.0452167,0.2,90.25
OSPEDALE DI VIADANA,OSPEDALE DI CUASSO AL MONTE,44.926087,10.5223688,45.9072714,8.8570045,0.2,169.89
IRCCS ISTITUTO CENTRO SAN GIOVANNI DI DIO FATEBENEFRATELLI DI BRESCIA,EUGENIO MEDEA - POLO SCIENTIFICO DI BOSISIO PARINI,45.5223896,10.2020833,45.7881165,9.2892625,0.167,76.94
IRCCS ISTITUTO CENTRO SAN GIOVANNI DI DIO FATEBENEFRATELLI DI BRESCIA,VILLA BERETTA DI COSTA MASNAGA,45.5223896,10.2020833,45.7705718,9.2704936,0.167,77.58
OSPEDALE DI VIADANA,OSPEDALE DI SOMMA LOMBARDO,44.926087,10.5223688,45.6839101,8.7145644,0.167,164.77
IRCCS ISTITUTO CENTRO SAN GIOVANNI DI DIO FATEBENEFRATELLI DI BRESCIA,PRESIDIO OSPEDALIERO DI SANT'ANGELO LODIGIANO,45.5223896,10.2020833,45.202428,9.407352,0.158,71.64
IRCCS ISTITUTO CENTRO SAN GIOVANNI DI DIO FATEBENEFRATELLI DI BRESCIA,PRESIDIO OSPEDALIERO DI CASALPUSTERLENGO,45.5223896,10.2020833,45.170174,9.6513675,0.158,58.26
OSPEDALE DI VIADANA,PRESIDIO SOCIO SANITARIO TERRITORIALE DI GORGONZOLA,44.926087,10.5223688,45.53464,9.4134439,0.143,110.21
OSPEDALE DI VIADANA,OSPEDALE DI EDOLO,44.926087,10.5223688,46.1787559,10.3311868,0.143,140.24
OSPEDALE DI VIADANA,OSPEDALE DI SEREGNO,44.926087,10.5223688,45.6536061,9.2055584,0.143,131.12
IRCCS ISTITUTO CENTRO SAN GIOVANNI DI DIO FATEBENEFRATELLI DI BRESCIA,NUOVO OSPEDALE DI BRONI E STRADELLA,45.5223896,10.2020833,45.0775802,9.2872794,0.125,87.08