struttura,diversita,ECI
FONDAZIONE IRCCS CA' GRANDA OSPEDALE MAGGIORE POLICLINICO DI MILANO,63,10.366668789964875
OSPEDALE FILIPPO DEL PONTE DI VARESE,14,1.0711627941041795
OSPEDALE POLICLINICO SAN MATTEO DI PAVIA,59,1.0071185939274017
OSPEDALE PAPA GIOVANNI XXIII DI BERGAMO,63,0.986333071401445
PRESIDIO OSPEDALIERO GAETANO PINI,23,0.9181266315074156
PRESIDIO OSPEDALIERO SPEDALI CIVILI DI BRESCIA,54,0.8837389124350498
OSPEDALE MACEDONIO MELLONI DI MILANO,14,0.8109796896938511
OSPEDALE DI CIRCOLO E FONDAZIONE MACCHI DI VARESE,55,0.7932150624796184
IRCCS OSPEDALE SAN RAFFAELE DI MILANO - GRUPPO SAN DONATO,64,0.768636208271068
OSPEDALE DEI BAMBINI VITTORE BUZZI DI MILANO,18,0.7489107627336894
OSPEDALE NIGUARDA DI MILANO,61,0.7006557397252038
OSPEDALE DEI BAMBINI DI BRESCIA,15,0.6844032151253069
OSPEDALE DI CREMONA,49,0.6398745322598718
OSPEDALE SANT'ANNA DI SAN FERMO DELLA BATTAGLIA,46,0.47065343555713013
OSPEDALE CIVILE DI LEGNANO,33,0.47061472201934523
FONDAZIONE IRCCS SAN GERARDO DEI TINTORI DI MONZA - ATS BRIANZA,55,0.45377124893004406
OSPEDALE FATEBENEFRATELLI E OFTALMICO DI MILANO,37,0.45167711384979237
OSPEDALE DI CIRCOLO DI BUSTO ARSIZIO,36,0.44041028722288567
OSPEDALE SAN PAOLO DI MILANO,44,0.4138034998402639
PRESIDIO OSPEDALIERO CTO,19,0.40805919391840356
ISTITUTO NAZIONALE DEI TUMORI,37,0.4056143350202824
CENTRO CARDIOLOGICO MONZINO DI MILANO,18,0.3918335106742204
IRCCS MULTIMEDICA,50,0.35344653628273226
IEO - ISTITUTO EUROPEO DI ONCOLOGIA DI MILANO,39,0.3486754264823134
OSPEDALE CARLO POMA DI MANTOVA,48,0.3283598284538649
OSPEDALE DI MANERBIO,34,0.3104922763872589
PRESIDIO OSPEDALIERO ALESSANDRO MANZONI DI LECCO,43,0.3056647039239011
IRCCS OSPEDALE GALEAZZI - SANT'AMBROGIO DI MILANO - GRUPPO SAN DONATO,36,0.29286044413073575
OSPEDALE DI SARONNO,33,0.20373616401012706
OSPEDALE VALDUCE DI COMO,35,0.20080433759747202
OSPEDALE LUIGI SACCO DI MILANO,43,0.19182936129262584
HUMANITAS RESEARCH HOSPITAL DI ROZZANO,55,0.18029689237203628
OSPEDALE BOLOGNINI DI SERIATE,30,0.16162588849051818
PRESIDIO OSPEDALIERO DI RHO,23,0.15992156727677587
OSPEDALE SAN GIUSEPPE MULTIMEDICA,47,0.13593782846523936
OSPEDALE MAGGIORE DI LODI,38,0.12814291179341544
OSPEDALE CITTÀ DI SESTO SAN GIOVANNI,36,0.12661430610239238
OSPEDALE TREVIGLIO - CARAVAGGIO,34,0.11873615590924284
OSPEDALE DI VIZZOLO PREDABISSI,29,0.1149500496519862
OSPEDALE DI SONDALO,33,0.10282915058146577
OSPEDALE SAN CARLO BORROMEO DI MILANO,38,0.09813941134210016
OSPEDALE DI CARATE BRIANZA,20,0.08256508681865224
OSPEDALE PIO XI DI DESIO,31,0.07553517001095092
FONDAZIONE IRCCS ISTITUTO NEUROLOGICO CARLO BESTA DI MILANO,8,0.0707648123350863
OSPEDALE MAGGIORE DI CREMA,32,0.06992446476786396
OSPEDALE DI VIMERCATE,36,0.06654662397436856
OSPEDALE DI SONDRIO,38,0.061645143942803134
OSPEDALE CADUTI BOLLATESI,14,0.043246115331030566
OSPEDALE DI GALLARATE,31,0.02524107910122335
OSPEDALE G. FORNAROLI DI MAGENTA,30,0.01329916842935758
OSPEDALE DI DESENZANO DEL GARDA,29,0.010988781486007718
AUXOLOGICO SAN LUCA DI MILANO,50,0.00406040060560812
PRESIDIO OSPEDALIERO SAN LEOPOLDO MANDIC DI MERATE,31,-0.0034232497466221245
OSPEDALE CIVILE DI VIGEVANO,29,-0.006049686782807522
HUMANITAS GAVAZZENI DI BERGAMO,47,-0.006959268509294845
PRESIDIO OSPEDALIERO DI GARBAGNATE MILANESE,33,-0.020452061378288994
IRCCS POLICLINICO SAN DONATO DI SAN DONATO MILANESE - GRUPPO SAN DONATO,43,-0.029776432519836717
OSPEDALE DI ERBA - LIFENET HEALTHCARE,29,-0.030432491701871817
OSPEDALE BASSINI DI CINISELLO BALSAMO,32,-0.03388640553625831
OSPEDALE CARLO ONDOLI DI ANGERA,14,-0.03796173326425307
OSPEDALE MORIGGIA PELASCINI DI GRAVEDONA - GRUPPO ITALCLINICHE,30,-0.04365171069755226
OSPEDALE CIVICO DI CODOGNO,12,-0.0440681351049592
OSPEDALE CIVILE DI VOGHERA,31,-0.05033942485531601
OSPEDALE DI ASOLA,20,-0.06464262780664824
OSPEDALE CIVILE DESTRA SECCHIA DI PIEVE DI CORIANO,25,-0.06477497868950882
OSPEDALE DI ESINE,24,-0.0691096113612178
OSPEDALE DI TRADATE,22,-0.06964310097720937
OSPEDALE SANT'ANTONIO ABATE DI CANTÙ,26,-0.09195956646363834
AUXOLOGICO ARIOSTO DI MILANO,45,-0.09994560993360035
AUXOLOGICO CAPITANIO DI MILANO,45,-0.09994560993360035
OSPEDALE CIVILE LA MEMORIA DI GAVARDO,26,-0.11355388950692982
AUXOLOGICO MOSÈ BIANCHI DI MILANO,34,-0.12425466808421615
OSPEDALE OGLIO PO DI CASALMAGGIORE,21,-0.13810107734802596
IRCCS MAUGERI PAVIA,44,-0.14834062422004002
OSPEDALE UBOLDO DI CERNUSCO SUL NAVIGLIO,16,-0.1507116428786869
AZIENDA OSPEDALIERA MELLINO MELLINI DI CHIARI,30,-0.16396791329252103
NUOVO OSPEDALE DI BRONI E STRADELLA,15,-0.17097786574357732
OSPEDALE M. O. A. LOCATELLI DI PIARIO,16,-0.17723152111723212
PRESIDIO OSPEDALIERO DI MONTICHIARI,21,-0.1786452284949186
OSPEDALE SANTA MARIA DELLE STELLE DI MELZO,18,-0.1861673009947318
OSPEDALE G. CASATI DI PASSIRANA,9,-0.2366184524744256
IRCCS OSPEDALE SAN RAFFAELE TURRO DI MILANO - GRUPPO SAN DONATO,25,-0.24286803052008596
IRCCS ISTITUTO CENTRO SAN GIOVANNI DI DIO FATEBENEFRATELLI DI BRESCIA,3,-0.24476038592337293
OSPEDALE SANTI BENEDETTO E GELTRUDE DI CUGGIONO,13,-0.25170257941214746
OSPEDALE PESENTI FENAROLI DI ALZANO LOMBARDO,23,-0.2583043411173573
IRCCS MAUGERI TRADATE,35,-0.28039536774923596
OSPEDALE CROTTA OLTROCCHI DI VAPRIO D'ADDA,5,-0.28895468463180707
OSPEDALE SS. ANNUNZIATA DI VARZI,15,-0.2924520593143557
FONDAZIONE ISTITUTO NEUROLOGICO MONDINO DI PAVIA,17,-0.2949603622374783
OSPEDALE CAUSA PIA LUVINI DI CITTIGLIO,18,-0.29843573808850477
OSPEDALE C. CANTÙ,9,-0.3402487510422648
OSPEDALE DI CHIAVENNA,15,-0.3424467335522285
OSPEDALE CIVILE DI ISEO,22,-0.35648917172764344
IRCCS MAUGERI LUMEZZANE,27,-0.3595235667121926
ICS MAUGERI PAVIA,33,-0.36593523464111294
IRCCS MAUGERI MILANO,34,-0.36892901611529655
ICS MAUGERI LISSONE,32,-0.3704463930684927
PRESIDIO OSPEDALIERO DI CASALPUSTERLENGO,19,-0.3742090692813038
PRESIDIO OSPEDALIERO DI GARDONE VAL TROMPIA,17,-0.3786261303433057
PRESIDIO OSPEDALIERO DI SANT'ANGELO LODIGIANO,19,-0.380500031358807
G.B. MANGIONI HOSPITAL DI LECCO - GVM CARE & RESEARCH,31,-0.3806420485980741
OSPEDALE CIVILE DI SALÒ,8,-0.40468817651934463
IRCCS MAUGERI MONTESCANO,32,-0.4081987631625311
IRCCS MAUGERI CASTEL GOFFREDO,34,-0.4121824409896124
OSPEDALE DI SEREGNO,7,-0.4193712830237614
PRESIDIO OSPEDALIERO TERRITORIALE (POT) DI MORBEGNO,12,-0.42151506685604584
OSPEDALE SANTI CAPITANIO E GEROSA DI LOVERE,17,-0.42342781077450464
PRESIDIO OSPEDALIERO ERBA-RENALDI DI MENAGGIO,20,-0.43512385942209464
OSPEDALE SAN MARTINO DI MEDE,17,-0.43827601780078473
OSPEDALE CARLO BORRELLA DI GIUSSANO,5,-0.4391532716599478
OSPEDALE SANTISSIMA TRINITÀ DI ROMANO DI LOMBARDIA,13,-0.45148221763190627
OSPEDALE SANTA MARTA DI RIVOLTA D'ADDA,6,-0.45217166378901874
IRCCS SANTA MARIA NASCENTE DI MILANO - FONDAZIONE DON CARLO GNOCCHI,25,-0.4846884577730408
OSPEDALE CIVILE DI SAN GIOVANNI BIANCO,9,-0.48948245887321135
PRESIDIO OSPEDALIERO TRIBANDI PAVONI DI ORZINUOVI,17,-0.4907611659985513
OSPEDALE BRIOLINI DI GAZZANIGA,15,-0.5017971318847756
PRESIDIO SOCIO SANITARIO TERRITORIALE DI GORGONZOLA,7,-0.5083394920381258
OSPEDALE CARLO MIRA DI CASORATE PRIMO,15,-0.511455422446619
PRESIDIO RIABILITATIVO UMBERTO I DI BELLANO,10,-0.5212886702050255
OSPEDALE DI LENO,11,-0.5274995225227066
OSPEDALE LUINI CONFALONIERI DI LUINO,7,-0.538581836000026
OSPEDALE ASILO VITTORIA DI MORTARA,9,-0.6039052730706946
OSPEDALE DI EDOLO,7,-0.6689247673751106
INRCA PRESIDIO OSPEDALIERO DI RICERCA DI CASATENOVO,4,-0.672633789197443
OSPEDALE PASSI DI CALCINATE,4,-0.6786138081216194
OSPEDALE VILLA DEI COLLI DI LONATO DEL GARDA,4,-0.7152707417607486
OSPEDALE DI SOMMA LOMBARDO,6,-0.7498395586279935
OSPEDALE CIVILE DI VOLTA MANTOVANA,15,-0.751422571315794
VILLA BERETTA DI COSTA MASNAGA,4,-0.7670618335419513
OSPEDALE DI CUASSO AL MONTE,5,-0.7923229790822293
OSPEDALE ZAPPATONI DI CASSANO D'ADDA,6,-0.796061505126202
EUGENIO MEDEA - POLO SCIENTIFICO DI BOSISIO PARINI,4,-0.8038502103268317
PRESIDIO RIABILITATIVO MULTIFUNZIONALE DON PRIMO MAZZOLARI DI BOZZOLO,2,-1.0247348978943014
OSPEDALE DI VIADANA,1,-1.2425931883450856
